distinct_files,total_occurrences,token_normalized,token_example_casing,example_file,example_line
85,301,"ZONES","ZONES","/d/GitHub/WF-TDM-Official-Releases/1_Inputs/3_Highway/_Network Processing Tools/Copy SEGID field from One Master Network to Another/CopySEGIDfieldfromOneMasterNetworktoAnother.s",9
52,52,"SCRIPTSTARTTIME","ScriptStartTime","/d/GitHub/WF-TDM-Official-Releases/2_ModelScripts/0_InputProcessing/a_Setup/1_InputSetup.s",22
52,52,"SCRIPTRUNTIME","ScriptRunTime","/d/GitHub/WF-TDM-Official-Releases/2_ModelScripts/0_InputProcessing/a_Setup/1_InputSetup.s",407
52,52,"SCRIPTENDTIME","ScriptEndTime","/d/GitHub/WF-TDM-Official-Releases/2_ModelScripts/0_InputProcessing/a_Setup/1_InputSetup.s",406
48,135,"ZONEMSG","ZONEMSG","/d/GitHub/WF-TDM-Official-Releases/1_Inputs/4_Transit/_chk Transit Compile on Net/_TransitRouteTester - 1 - BY_2019.s",134
33,33,"TRANSPEEDFIELD","TranSpeedField","/d/GitHub/WF-TDM-Official-Releases/1_Inputs/4_Transit/_chk Transit Compile on Net/_TransitRouteTester - 1 - BY_2019.s",58
33,33,"PARENTDIR","ParentDir","/d/GitHub/WF-TDM-Official-Releases/1_Inputs/4_Transit/_chk Transit Compile on Net/_TransitRouteTester - 1 - BY_2019.s",7
33,33,"MLIN","Mlin","/d/GitHub/WF-TDM-Official-Releases/1_Inputs/4_Transit/_chk Transit Compile on Net/_TransitRouteTester - 1 - BY_2019.s",25
33,33,"LNFIELD","LNfield","/d/GitHub/WF-TDM-Official-Releases/1_Inputs/4_Transit/_chk Transit Compile on Net/_TransitRouteTester - 1 - BY_2019.s",56
33,33,"FTFIELD","FTfield","/d/GitHub/WF-TDM-Official-Releases/1_Inputs/4_Transit/_chk Transit Compile on Net/_TransitRouteTester - 1 - BY_2019.s",57
22,22,"REL_LN","Rel_LN","/d/GitHub/WF-TDM-Official-Releases/2_ModelScripts/0_InputProcessing/c_NetworkProcessing/1_NetProcessor.s",772
21,21,"WFRC_SEFILE","WFRC_SEFile","/d/GitHub/WF-TDM-Official-Releases/Scenarios/_default/1ControlCenter - BY_2019.block",44
21,21,"USERNAME","UserName","/d/GitHub/WF-TDM-Official-Releases/Scenarios/_default/1ControlCenter - BY_2019.block",10
21,21,"USERCOMPANY","UserCompany","/d/GitHub/WF-TDM-Official-Releases/Scenarios/_default/1ControlCenter - BY_2019.block",11
21,21,"USECUBECLUSTER","UseCubeCluster","/d/GitHub/WF-TDM-Official-Releases/Scenarios/_default/1ControlCenter - BY_2019.block",167
21,21,"USE_SELLINKGRP","Use_SelLinkGrp","/d/GitHub/WF-TDM-Official-Releases/Scenarios/_default/1ControlCenter - BY_2019.block",139
21,21,"TRUCKRESTRICT","TruckRestrict","/d/GitHub/WF-TDM-Official-Releases/Scenarios/_default/1ControlCenter - BY_2019.block",75
21,21,"TRIP_CUTOFF","trip_cutoff","/d/GitHub/WF-TDM-Official-Releases/Scenarios/_default/1ControlCenter - BY_2019.block",110
21,21,"TOLLZONEID","TollZoneID","/d/GitHub/WF-TDM-Official-Releases/Scenarios/_default/1ControlCenter - BY_2019.block",93
21,21,"TOLLZ_SHP","tollz_shp","/d/GitHub/WF-TDM-Official-Releases/Scenarios/_default/1ControlCenter - BY_2019.block",92
21,21,"TAZ_DBF","TAZ_DBF","/d/GitHub/WF-TDM-Official-Releases/Scenarios/_default/1ControlCenter - BY_2019.block",29
21,21,"SPEEDOVERRIDEFIELD","SpeedOverrideField","/d/GitHub/WF-TDM-Official-Releases/Scenarios/_default/1ControlCenter - BY_2019.block",126
21,21,"SPEEDOVERRIDE","SpeedOverride","/d/GitHub/WF-TDM-Official-Releases/Scenarios/_default/1ControlCenter - BY_2019.block",125
21,21,"SPEEDCAPLOOKUPFILE","SpeedCapLookupFile","/d/GitHub/WF-TDM-Official-Releases/Scenarios/_default/1ControlCenter - BY_2019.block",120
21,21,"SPDFACTOR","SpdFactor","/d/GitHub/WF-TDM-Official-Releases/Scenarios/_default/1ControlCenter - BY_2019.block",76
21,21,"SENDEMAILMODELFINISH","SendEmailModelFinish","/d/GitHub/WF-TDM-Official-Releases/Scenarios/_default/1ControlCenter - BY_2019.block",188
21,21,"SENDEMAILMODELCRASH","SendEmailModelCrash","/d/GitHub/WF-TDM-Official-Releases/Scenarios/_default/1ControlCenter - BY_2019.block",189
21,21,"SELLINKGRP_FIELD","SelLinkGrp_Field","/d/GitHub/WF-TDM-Official-Releases/Scenarios/_default/1ControlCenter - BY_2019.block",140
21,21,"SELECTGROUP_EQ2","SELECTGROUP_EQ2","/d/GitHub/WF-TDM-Official-Releases/Scenarios/_default/1ControlCenter - BY_2019.block",142
21,21,"SELECTGROUP_EQ1","SELECTGROUP_EQ1","/d/GitHub/WF-TDM-Official-Releases/Scenarios/_default/1ControlCenter - BY_2019.block",141
21,21,"SEGMENTS_DBF","Segments_DBF","/d/GitHub/WF-TDM-Official-Releases/Scenarios/_default/1ControlCenter - BY_2019.block",133
21,21,"SEGIDFIELD","SEGIDField","/d/GitHub/WF-TDM-Official-Releases/Scenarios/_default/1ControlCenter - BY_2019.block",78
21,21,"SEGIDEXFIELD","SEGIDExField","/d/GitHub/WF-TDM-Official-Releases/Scenarios/_default/1ControlCenter - BY_2019.block",79
21,21,"SCENARIOGROUP","ScenarioGroup","/d/GitHub/WF-TDM-Official-Releases/Scenarios/_default/1ControlCenter - BY_2019.block",15
21,21,"SCENARIODIR","ScenarioDir","/d/GitHub/WF-TDM-Official-Releases/Scenarios/_default/1ControlCenter - BY_2019.block",20
21,21,"RUNYEAR","RunYear","/d/GitHub/WF-TDM-Official-Releases/Scenarios/_default/1ControlCenter - BY_2019.block",16
21,21,"RUNPM1HR","RunPM1hr","/d/GitHub/WF-TDM-Official-Releases/Scenarios/_default/1ControlCenter - BY_2019.block",155
21,21,"RUN_VIZTOOL","Run_vizTool","/d/GitHub/WF-TDM-Official-Releases/Scenarios/_default/1ControlCenter - BY_2019.block",25
21,21,"RUN_OP_PROJ","Run_Op_Proj","/d/GitHub/WF-TDM-Official-Releases/Scenarios/_default/1ControlCenter - BY_2019.block",148
21,21,"RID","RID","/d/GitHub/WF-TDM-Official-Releases/Scenarios/_default/1ControlCenter - BY_2019.block",18
21,21,"REL_LN_TOGGLE","Rel_LN_Toggle","/d/GitHub/WF-TDM-Official-Releases/Scenarios/_default/1ControlCenter - BY_2019.block",87
21,21,"PNR_FIELD","pnr_field","/d/GitHub/WF-TDM-Official-Releases/Scenarios/_default/1ControlCenter - BY_2019.block",56
21,21,"OPPROJ_FIELD","OpProj_Field","/d/GitHub/WF-TDM-Official-Releases/Scenarios/_default/1ControlCenter - BY_2019.block",149
21,21,"NETWORKYEAR","NetworkYear","/d/GitHub/WF-TDM-Official-Releases/Scenarios/_default/1ControlCenter - BY_2019.block",49
21,21,"MODELVERSION","ModelVersion","/d/GitHub/WF-TDM-Official-Releases/Scenarios/_default/1ControlCenter - BY_2019.block",9
21,21,"MASTERPREFIX","MasterPrefix","/d/GitHub/WF-TDM-Official-Releases/Scenarios/_default/1ControlCenter - BY_2019.block",51
21,21,"MASTERLINKSHP","MasterLinkShp","/d/GitHub/WF-TDM-Official-Releases/Scenarios/_default/1ControlCenter - BY_2019.block",52
21,21,"MAG_SEFILE","MAG_SEFile","/d/GitHub/WF-TDM-Official-Releases/Scenarios/_default/1ControlCenter - BY_2019.block",45
21,21,"LOOKUP_BYAGEPCT","Lookup_BYAgePct","/d/GitHub/WF-TDM-Official-Releases/Scenarios/_default/1ControlCenter - BY_2019.block",38
21,21,"KEEPTEMPFILES","KeepTempFiles","/d/GitHub/WF-TDM-Official-Releases/Scenarios/_default/1ControlCenter - BY_2019.block",161
21,21,"HOVMARKER","HOVmarker","/d/GitHub/WF-TDM-Official-Releases/Scenarios/_default/1ControlCenter - BY_2019.block",73
21,21,"HOT_TOLL_MIN","HOT_Toll_Min","/d/GitHub/WF-TDM-Official-Releases/Scenarios/_default/1ControlCenter - BY_2019.block",102
21,21,"HOT_TOLL_MAX","HOT_Toll_Max","/d/GitHub/WF-TDM-Official-Releases/Scenarios/_default/1ControlCenter - BY_2019.block",103
21,21,"GET_DATA_FOR_REMM","Get_data_for_REMM","/d/GitHub/WF-TDM-Official-Releases/Scenarios/_default/1ControlCenter - BY_2019.block",182
21,21,"FROMSCENARIO","FromScenario","/d/GitHub/WF-TDM-Official-Releases/Scenarios/_default/1ControlCenter - BY_2019.block",154
21,21,"FREEFAREZONES","FreeFareZones","/d/GitHub/WF-TDM-Official-Releases/Scenarios/_default/1ControlCenter - BY_2019.block",31
21,21,"FACTOR_TELECOMMUTE","Factor_Telecommute","/d/GitHub/WF-TDM-Official-Releases/Scenarios/_default/1ControlCenter - BY_2019.block",195
21,21,"EXT_VOL_COUNT","Ext_Vol_Count","/d/GitHub/WF-TDM-Official-Releases/Scenarios/_default/1ControlCenter - BY_2019.block",114
21,21,"EXT_TRIPTABLE","Ext_TripTable","/d/GitHub/WF-TDM-Official-Releases/Scenarios/_default/1ControlCenter - BY_2019.block",116
21,21,"EXT_TRIPENDPATTERN","Ext_TripEndPattern","/d/GitHub/WF-TDM-Official-Releases/Scenarios/_default/1ControlCenter - BY_2019.block",115
21,21,"ECOMMERCE","eCommerce","/d/GitHub/WF-TDM-Official-Releases/Scenarios/_default/1ControlCenter - BY_2019.block",200
21,21,"ECOEDPASSZONES","EcoEdPassZones","/d/GitHub/WF-TDM-Official-Releases/Scenarios/_default/1ControlCenter - BY_2019.block",30
21,21,"DESCRIPTION","Description","/d/GitHub/WF-TDM-Official-Releases/Scenarios/_default/1ControlCenter - BY_2019.block",21
21,21,"DEMOGRAPHICYEAR","DemographicYear","/d/GitHub/WF-TDM-Official-Releases/Scenarios/_default/1ControlCenter - BY_2019.block",42
21,21,"DEFAULTPROJFILE","DefaultProjFile","/d/GitHub/WF-TDM-Official-Releases/Scenarios/_default/1ControlCenter - BY_2019.block",53
21,21,"CRT_FARE_ZONE","CRT_Fare_Zone","/d/GitHub/WF-TDM-Official-Releases/Scenarios/_default/1ControlCenter - BY_2019.block",57
21,21,"CORESAVAILABLE","CoresAvailable","/d/GitHub/WF-TDM-Official-Releases/Scenarios/_default/1ControlCenter - BY_2019.block",169
21,21,"CAV_MPR","CAV_MPR","/d/GitHub/WF-TDM-Official-Releases/Scenarios/_default/1ControlCenter - BY_2019.block",206
21,21,"CAPFACTOR","CapFactor","/d/GitHub/WF-TDM-Official-Releases/Scenarios/_default/1ControlCenter - BY_2019.block",77
21,21,"CAPACITYOVERRIDEFIELD","CapacityOverrideField","/d/GitHub/WF-TDM-Official-Releases/Scenarios/_default/1ControlCenter - BY_2019.block",130
21,21,"CAPACITYOVERRIDE","CapacityOverride","/d/GitHub/WF-TDM-Official-Releases/Scenarios/_default/1ControlCenter - BY_2019.block",129
21,21,"BE_SEFILE","BE_SEFile","/d/GitHub/WF-TDM-Official-Releases/Scenarios/_default/1ControlCenter - BY_2019.block",43
21,21,"ADDNODEFIELDS","AddNodeFields","/d/GitHub/WF-TDM-Official-Releases/Scenarios/_default/1ControlCenter - BY_2019.block",58
21,21,"ADDLINKFIELDS","AddLinkFields","/d/GitHub/WF-TDM-Official-Releases/Scenarios/_default/1ControlCenter - BY_2019.block",80
15,22,"TRANTIME","TRANTIME","/d/GitHub/WF-TDM-Official-Releases/1_Inputs/4_Transit/_chk Transit Compile on Net/_TransitRouteTester - 1 - BY_2019.s",99
14,15,"FT","FT","/d/GitHub/WF-TDM-Official-Releases/1_Inputs/4_Transit/_chk Transit Compile on Net/_TransitRouteTester - 1 - BY_2019.s",95
13,14,"LANES","LANES","/d/GitHub/WF-TDM-Official-Releases/1_Inputs/4_Transit/_chk Transit Compile on Net/_TransitRouteTester - 1 - BY_2019.s",93
12,12,"TRNSPD","TRNSPD","/d/GitHub/WF-TDM-Official-Releases/1_Inputs/4_Transit/_chk Transit Compile on Net/_TransitRouteTester - 1 - BY_2019.s",97
12,12,"SCENARIOPREFIX","ScenarioPrefix","/d/GitHub/WF-TDM-Official-Releases/1_Inputs/4_Transit/_chk Transit Compile on Net/_TransitRouteTester - 1 - BY_2019.s",33
12,12,"MASTERNET","MasterNet","/d/GitHub/WF-TDM-Official-Releases/1_Inputs/4_Transit/_chk Transit Compile on Net/_TransitRouteTester - 1 - BY_2019.s",29
11,32,"MW[11]","mw[11]","/d/GitHub/WF-TDM-Official-Releases/2_ModelScripts/4_ModeChoice/05_Skim_Tran.s",228
10,39,"MW[12]","mw[12]","/d/GitHub/WF-TDM-Official-Releases/2_ModelScripts/4_ModeChoice/05_Skim_Tran.s",229
10,31,"MW[13]","mw[13]","/d/GitHub/WF-TDM-Official-Releases/2_ModelScripts/4_ModeChoice/05_Skim_Tran.s",230
10,22,"MW[100]","mw[100]","/d/GitHub/WF-TDM-Official-Releases/2_ModelScripts/0_InputProcessing/d_TripTable/2_External_TripTable.s",575
10,14,"MW[4]","MW[4]","/d/GitHub/WF-TDM-Official-Releases/2_ModelScripts/0_InputProcessing/c_NetworkProcessing/5_WalkTransitSkim_Emp30MinTransit.s",63
9,31,"MW[23]","mw[23]","/d/GitHub/WF-TDM-Official-Releases/2_ModelScripts/4_ModeChoice/05_Skim_Tran.s",240
9,31,"DIRECTION","DIRECTION","/d/GitHub/WF-TDM-Official-Releases/1_Inputs/3_Highway/_Network Processing Tools/Copy SEGID field from One Master Network to Another/CopySEGIDfieldfromOneMasterNetworktoAnother.s",27
9,30,"MW[16]","mw[16]","/d/GitHub/WF-TDM-Official-Releases/2_ModelScripts/4_ModeChoice/05_Skim_Tran.s",233
9,30,"MW[15]","mw[15]","/d/GitHub/WF-TDM-Official-Releases/2_ModelScripts/4_ModeChoice/05_Skim_Tran.s",232
9,30,"MW[14]","mw[14]","/d/GitHub/WF-TDM-Official-Releases/2_ModelScripts/4_ModeChoice/05_Skim_Tran.s",231
9,29,"MW[22]","mw[22]","/d/GitHub/WF-TDM-Official-Releases/2_ModelScripts/4_ModeChoice/05_Skim_Tran.s",239
9,29,"MW[21]","mw[21]","/d/GitHub/WF-TDM-Official-Releases/2_ModelScripts/4_ModeChoice/05_Skim_Tran.s",238
8,9,"MW[5]","MW[5]","/d/GitHub/WF-TDM-Official-Releases/2_ModelScripts/0_InputProcessing/c_NetworkProcessing/5_WalkTransitSkim_Emp30MinTransit.s",64
8,52,"CHECKPROGRESS","CheckProgress","/d/GitHub/WF-TDM-Official-Releases/2_ModelScripts/0_InputProcessing/c_NetworkProcessing/1_NetProcessor.s",1169
8,30,"SEGID","SEGID","/d/GitHub/WF-TDM-Official-Releases/1_Inputs/3_Highway/_Network Processing Tools/Copy SEGID field from One Master Network to Another/CopySEGIDfieldfromOneMasterNetworktoAnother.s",35
8,26,"PRINTPROGRESS","PrintProgress","/d/GitHub/WF-TDM-Official-Releases/2_ModelScripts/0_InputProcessing/c_NetworkProcessing/1_NetProcessor.s",1164
8,26,"PRINTPROGINC","PrintProgInc","/d/GitHub/WF-TDM-Official-Releases/2_ModelScripts/0_InputProcessing/c_NetworkProcessing/1_NetProcessor.s",1165
8,23,"MW[10]","mw[10]","/d/GitHub/WF-TDM-Official-Releases/2_ModelScripts/4_ModeChoice/05_Skim_Tran.s",227
8,13,"MW[24]","mw[24]","/d/GitHub/WF-TDM-Official-Releases/2_ModelScripts/4_ModeChoice/08_TripTablesByPeriod.s",117
8,10,"RO.Z","RO.Z","/d/GitHub/WF-TDM-Official-Releases/2_ModelScripts/0_InputProcessing/b_SEProcessing/1_DemographicsAnalysis.s",253
8,10,"MW[300]","mw[300]","/d/GitHub/WF-TDM-Official-Releases/2_ModelScripts/3_Distribute/1_Distribution.s",3823
7,7,"MW[6]","MW[6]","/d/GitHub/WF-TDM-Official-Releases/2_ModelScripts/4_ModeChoice/07_HBW_dest_choice.s",144
7,27,"MW[18]","mw[18]","/d/GitHub/WF-TDM-Official-Releases/2_ModelScripts/4_ModeChoice/05_Skim_Tran.s",235
7,27,"MW[17]","mw[17]","/d/GitHub/WF-TDM-Official-Releases/2_ModelScripts/4_ModeChoice/05_Skim_Tran.s",234
7,20,"MW[141]","mw[141]","/d/GitHub/WF-TDM-Official-Releases/2_ModelScripts/3_Distribute/1_Distribution.s",2258
7,15,"MW[145]","mw[145]","/d/GitHub/WF-TDM-Official-Releases/2_ModelScripts/3_Distribute/1_Distribution.s",2263
7,15,"MW[144]","mw[144]","/d/GitHub/WF-TDM-Official-Releases/2_ModelScripts/3_Distribute/1_Distribution.s",2262
7,12,"MW[26]","mw[26]","/d/GitHub/WF-TDM-Official-Releases/2_ModelScripts/4_ModeChoice/08_TripTablesByPeriod.s",119
7,12,"MW[25]","mw[25]","/d/GitHub/WF-TDM-Official-Releases/2_ModelScripts/4_ModeChoice/08_TripTablesByPeriod.s",118
7,12,"MW[200]","mw[200]","/d/GitHub/WF-TDM-Official-Releases/2_ModelScripts/3_Distribute/1_Distribution.s",2904
7,10,"RO.CO_FIPS","RO.CO_FIPS","/d/GitHub/WF-TDM-Official-Releases/2_ModelScripts/0_InputProcessing/b_SEProcessing/1_DemographicsAnalysis.s",258
6,25,"MW[19]","mw[19]","/d/GitHub/WF-TDM-Official-Releases/2_ModelScripts/4_ModeChoice/05_Skim_Tran.s",236
6,25,"LINKID","LINKID","/d/GitHub/WF-TDM-Official-Releases/1_Inputs/3_Highway/_Network Processing Tools/Copy SEGID field from One Master Network to Another/CopySEGIDfieldfromOneMasterNetworktoAnother.s",21
6,18,"MW[1][J]","mw[1][J]","/d/GitHub/WF-TDM-Official-Releases/2_ModelScripts/0_InputProcessing/c_NetworkProcessing/2_FFSkim.s",61
6,16,"MATI[2]","MATI[2]","/d/GitHub/WF-TDM-Official-Releases/2_ModelScripts/3_Distribute/1_Distribution.s",2131
6,13,"MW[146]","mw[146]","/d/GitHub/WF-TDM-Official-Releases/2_ModelScripts/3_Distribute/1_Distribution.s",2264
6,10,"MW[43]","mw[43]","/d/GitHub/WF-TDM-Official-Releases/2_ModelScripts/4_ModeChoice/10_ConvertSomeXI2HBW.s",244
6,10,"MW[42]","mw[42]","/d/GitHub/WF-TDM-Official-Releases/2_ModelScripts/4_ModeChoice/10_ConvertSomeXI2HBW.s",241
6,10,"MW[41]","mw[41]","/d/GitHub/WF-TDM-Official-Releases/2_ModelScripts/4_ModeChoice/10_ConvertSomeXI2HBW.s",240
6,10,"MW[28]","MW[28]","/d/GitHub/WF-TDM-Official-Releases/2_ModelScripts/4_ModeChoice/11_MC_HBW_HBO_NHB_HBC.s",1733
6,10,"MW[27]","MW[27]","/d/GitHub/WF-TDM-Official-Releases/2_ModelScripts/4_ModeChoice/11_MC_HBW_HBO_NHB_HBC.s",1732
5,9,"MW[44]","mw[44]","/d/GitHub/WF-TDM-Official-Releases/2_ModelScripts/4_ModeChoice/10_ConvertSomeXI2HBW.s",245
5,9,"MW[33]","mw[33]","/d/GitHub/WF-TDM-Official-Releases/2_ModelScripts/4_ModeChoice/10_ConvertSomeXI2HBW.s",234
5,9,"MW[32]","mw[32]","/d/GitHub/WF-TDM-Official-Releases/2_ModelScripts/4_ModeChoice/10_ConvertSomeXI2HBW.s",232
5,9,"MW[31]","mw[31]","/d/GitHub/WF-TDM-Official-Releases/2_ModelScripts/4_ModeChoice/10_ConvertSomeXI2HBW.s",231
5,9,"MW[136]","mw[136]","/d/GitHub/WF-TDM-Official-Releases/2_ModelScripts/4_ModeChoice/12_EstimateHBSchModeShare.s",175
5,8,"RO.CO_TAZID","RO.CO_TAZID","/d/GitHub/WF-TDM-Official-Releases/2_ModelScripts/0_InputProcessing/b_SEProcessing/1_DemographicsAnalysis.s",256
5,8,"MAXITERS","MAXITERS","/d/GitHub/WF-TDM-Official-Releases/2_ModelScripts/0_InputProcessing/d_TripTable/2_External_TripTable.s",606
5,24,"MW[20]","mw[20]","/d/GitHub/WF-TDM-Official-Releases/2_ModelScripts/4_ModeChoice/05_Skim_Tran.s",237
5,17,"PRD","prd","/d/GitHub/WF-TDM-Official-Releases/2_ModelScripts/4_ModeChoice/05_Skim_Tran.s",96
5,14,"MW[143]","mw[143]","/d/GitHub/WF-TDM-Official-Releases/2_ModelScripts/3_Distribute/1_Distribution.s",2260
5,14,"MW[142]","mw[142]","/d/GitHub/WF-TDM-Official-Releases/2_ModelScripts/3_Distribute/1_Distribution.s",2259
5,13,"TAZID","TAZID","/d/GitHub/WF-TDM-Official-Releases/1_Inputs/3_Highway/_Network Processing Tools/Copy SEGID field from One Master Network to Another/CopySEGIDfieldfromOneMasterNetworktoAnother.s",34
5,11,"MW[2][J]","mw[2][J]","/d/GitHub/WF-TDM-Official-Releases/2_ModelScripts/0_InputProcessing/c_NetworkProcessing/2_FFSkim.s",58
4,9,"PM_TIME","PM_TIME","/d/GitHub/WF-TDM-Official-Releases/2_ModelScripts/3_Distribute/1_Distribution.s",338
4,9,"PM_SPD","PM_SPD","/d/GitHub/WF-TDM-Official-Releases/2_ModelScripts/3_Distribute/1_Distribution.s",300
4,9,"MD_TIME","MD_TIME","/d/GitHub/WF-TDM-Official-Releases/2_ModelScripts/3_Distribute/1_Distribution.s",337
4,9,"MD_SPD","MD_SPD","/d/GitHub/WF-TDM-Official-Releases/2_ModelScripts/3_Distribute/1_Distribution.s",299
4,9,"MATI[4]","MATI[4]","/d/GitHub/WF-TDM-Official-Releases/2_ModelScripts/3_Distribute/1_Distribution.s",2133
4,9,"EV_TIME","EV_TIME","/d/GitHub/WF-TDM-Official-Releases/2_ModelScripts/3_Distribute/1_Distribution.s",339
4,9,"EV_SPD","EV_SPD","/d/GitHub/WF-TDM-Official-Releases/2_ModelScripts/3_Distribute/1_Distribution.s",301
4,9,"DY_TIME","DY_TIME","/d/GitHub/WF-TDM-Official-Releases/2_ModelScripts/3_Distribute/1_Distribution.s",340
4,9,"DY_SPD","DY_SPD","/d/GitHub/WF-TDM-Official-Releases/2_ModelScripts/3_Distribute/1_Distribution.s",302
4,9,"AM_TIME","AM_TIME","/d/GitHub/WF-TDM-Official-Releases/2_ModelScripts/3_Distribute/1_Distribution.s",336
4,9,"AM_SPD","AM_SPD","/d/GitHub/WF-TDM-Official-Releases/2_ModelScripts/3_Distribute/1_Distribution.s",298
4,8,"PROB_WALKACC","prob_walkacc","/d/GitHub/WF-TDM-Official-Releases/2_ModelScripts/4_ModeChoice/block/HBW_HBO_calculate_trips.block",395
4,8,"PROB_TRANSIT","prob_transit","/d/GitHub/WF-TDM-Official-Releases/2_ModelScripts/4_ModeChoice/block/HBW_HBO_calculate_trips.block",387
4,8,"PROB_DRIVEACC","prob_driveacc","/d/GitHub/WF-TDM-Official-Releases/2_ModelScripts/4_ModeChoice/block/HBW_HBO_calculate_trips.block",396
4,8,"PROB_AUTO","prob_auto","/d/GitHub/WF-TDM-Official-Releases/2_ModelScripts/4_ModeChoice/block/HBW_HBO_calculate_trips.block",386
4,8,"MW[48]","MW[48]","/d/GitHub/WF-TDM-Official-Releases/2_ModelScripts/4_ModeChoice/11_MC_HBW_HBO_NHB_HBC.s",1751
4,8,"MW[47]","MW[47]","/d/GitHub/WF-TDM-Official-Releases/2_ModelScripts/4_ModeChoice/11_MC_HBW_HBO_NHB_HBC.s",1750
4,8,"MW[46]","MW[46]","/d/GitHub/WF-TDM-Official-Releases/2_ModelScripts/4_ModeChoice/11_MC_HBW_HBO_NHB_HBC.s",1749
4,8,"MW[45]","MW[45]","/d/GitHub/WF-TDM-Official-Releases/2_ModelScripts/4_ModeChoice/11_MC_HBW_HBO_NHB_HBC.s",1748
4,8,"MW[34]","mw[34]","/d/GitHub/WF-TDM-Official-Releases/2_ModelScripts/4_ModeChoice/10_ConvertSomeXI2HBW.s",235
4,8,"MW[30]","mw[30]","/d/GitHub/WF-TDM-Official-Releases/2_ModelScripts/4_ModeChoice/18_SumToDistricts_FinalTripTables.s",334
4,8,"MW[29]","mw[29]","/d/GitHub/WF-TDM-Official-Releases/2_ModelScripts/4_ModeChoice/18_SumToDistricts_FinalTripTables.s",333
4,8,"MATI[5]","MATI[5]","/d/GitHub/WF-TDM-Official-Releases/2_ModelScripts/3_Distribute/1_Distribution.s",2135
4,8,"MAG_LINK","MAG_LINK","/d/GitHub/WF-TDM-Official-Releases/1_Inputs/3_Highway/_Network Processing Tools/Copy SEGID field from One Master Network to Another/CopySEGIDfieldfromOneMasterNetworktoAnother.s",22
4,7,"MW[147]","mw[147]","/d/GitHub/WF-TDM-Official-Releases/2_ModelScripts/4_ModeChoice/10_ConvertSomeXI2HBW.s",358
4,7,"EXTERNAL","EXTERNAL","/d/GitHub/WF-TDM-Official-Releases/1_Inputs/3_Highway/_Network Processing Tools/Copy SEGID field from One Master Network to Another/CopySEGIDfieldfromOneMasterNetworktoAnother.s",20
4,7,"DISTANCE","DISTANCE","/d/GitHub/WF-TDM-Official-Releases/1_Inputs/3_Highway/_Network Processing Tools/Copy SEGID field from One Master Network to Another/CopySEGIDfieldfromOneMasterNetworktoAnother.s",18
4,6,"MW[11][J]","MW[11][j]","/d/GitHub/WF-TDM-Official-Releases/2_ModelScripts/4_ModeChoice/07_HBW_dest_choice.s",358
4,5,"SEL_LINK","SEL_LINK","/d/GitHub/WF-TDM-Official-Releases/1_Inputs/3_Highway/_Network Processing Tools/Copy SEGID field from One Master Network to Another/CopySEGIDfieldfromOneMasterNetworktoAnother.s",25
4,5,"RO.DISTMED","RO.DISTMED","/d/GitHub/WF-TDM-Official-Releases/2_ModelScripts/0_InputProcessing/b_SEProcessing/1_DemographicsAnalysis.s",263
4,5,"RO.DISTLRG","RO.DISTLRG","/d/GitHub/WF-TDM-Official-Releases/2_ModelScripts/0_InputProcessing/b_SEProcessing/1_DemographicsAnalysis.s",261
4,5,"PM_VOL","PM_VOL","/d/GitHub/WF-TDM-Official-Releases/2_ModelScripts/3_Distribute/1_Distribution.s",285
4,5,"ONEWAY","ONEWAY","/d/GitHub/WF-TDM-Official-Releases/1_Inputs/3_Highway/_Network Processing Tools/Copy SEGID field from One Master Network to Another/CopySEGIDfieldfromOneMasterNetworktoAnother.s",26
4,5,"MW[342]","mw[342]","/d/GitHub/WF-TDM-Official-Releases/2_ModelScripts/3_Distribute/1_Distribution.s",2440
4,5,"MW[341]","mw[341]","/d/GitHub/WF-TDM-Official-Releases/2_ModelScripts/3_Distribute/1_Distribution.s",2439
4,5,"MW[245]","mw[245]","/d/GitHub/WF-TDM-Official-Releases/2_ModelScripts/3_Distribute/1_Distribution.s",2416
4,5,"MW[244]","mw[244]","/d/GitHub/WF-TDM-Official-Releases/2_ModelScripts/3_Distribute/1_Distribution.s",2415
4,5,"MD_VOL","MD_VOL","/d/GitHub/WF-TDM-Official-Releases/2_ModelScripts/3_Distribute/1_Distribution.s",284
4,5,"FF_TIME","FF_TIME","/d/GitHub/WF-TDM-Official-Releases/2_ModelScripts/0_InputProcessing/c_NetworkProcessing/1_NetProcessor.s",883
4,5,"FF_SPD","FF_SPD","/d/GitHub/WF-TDM-Official-Releases/2_ModelScripts/0_InputProcessing/c_NetworkProcessing/1_NetProcessor.s",852
4,5,"EV_VOL","EV_VOL","/d/GitHub/WF-TDM-Official-Releases/2_ModelScripts/3_Distribute/1_Distribution.s",286
4,5,"DY_VOL","DY_VOL","/d/GitHub/WF-TDM-Official-Releases/2_ModelScripts/3_Distribute/1_Distribution.s",287
4,5,"DISTEXCEPT","DISTEXCEPT","/d/GitHub/WF-TDM-Official-Releases/1_Inputs/3_Highway/_Network Processing Tools/Copy SEGID field from One Master Network to Another/CopySEGIDfieldfromOneMasterNetworktoAnother.s",19
4,5,"AM_VOL","AM_VOL","/d/GitHub/WF-TDM-Official-Releases/2_ModelScripts/3_Distribute/1_Distribution.s",283
4,4,"MW[7]","MW[7]","/d/GitHub/WF-TDM-Official-Releases/2_ModelScripts/4_ModeChoice/07_HBW_dest_choice.s",145
4,4,"MW[343]","mw[343]","/d/GitHub/WF-TDM-Official-Releases/2_ModelScripts/3_Distribute/1_Distribution.s",3706
4,4,"MW[246]","mw[246]","/d/GitHub/WF-TDM-Official-Releases/2_ModelScripts/3_Distribute/1_Distribution.s",3688
4,4,"MW[023]","mw[023]","/d/GitHub/WF-TDM-Official-Releases/2_ModelScripts/3_Distribute/1_Distribution.s",3479
4,4,"MW[008]","mw[008]","/d/GitHub/WF-TDM-Official-Releases/2_ModelScripts/3_Distribute/1_Distribution.s",3471
4,4,"MW[007]","mw[007]","/d/GitHub/WF-TDM-Official-Releases/2_ModelScripts/3_Distribute/1_Distribution.s",3470
4,4,"MW[006]","mw[006]","/d/GitHub/WF-TDM-Official-Releases/2_ModelScripts/3_Distribute/1_Distribution.s",3469
4,4,"MW[003]","mw[003]","/d/GitHub/WF-TDM-Official-Releases/2_ModelScripts/3_Distribute/1_Distribution.s",3466
4,4,"MW[002]","mw[002]","/d/GitHub/WF-TDM-Official-Releases/2_ModelScripts/3_Distribute/1_Distribution.s",3465
4,4,"MW[001]","mw[001]","/d/GitHub/WF-TDM-Official-Releases/2_ModelScripts/3_Distribute/1_Distribution.s",3464
4,32,"LINKCLASS","LINKCLASS","/d/GitHub/WF-TDM-Official-Releases/2_ModelScripts/3_Distribute/1_Distribution.s",537
4,19,"SPEED","SPEED","/d/GitHub/WF-TDM-Official-Releases/2_ModelScripts/0_InputProcessing/c_NetworkProcessing/4_Create_walk_xfer_access_links.s",43
4,19,"MW[09]","mw[09]","/d/GitHub/WF-TDM-Official-Releases/2_ModelScripts/4_ModeChoice/05_Skim_Tran.s",226
4,19,"MW[08]","mw[08]","/d/GitHub/WF-TDM-Official-Releases/2_ModelScripts/4_ModeChoice/05_Skim_Tran.s",225
4,19,"MW[07]","mw[07]","/d/GitHub/WF-TDM-Official-Releases/2_ModelScripts/4_ModeChoice/05_Skim_Tran.s",224
4,19,"MW[06]","mw[06]","/d/GitHub/WF-TDM-Official-Releases/2_ModelScripts/4_ModeChoice/05_Skim_Tran.s",223
4,19,"MW[05]","mw[05]","/d/GitHub/WF-TDM-Official-Releases/2_ModelScripts/4_ModeChoice/05_Skim_Tran.s",222
4,19,"MW[04]","mw[04]","/d/GitHub/WF-TDM-Official-Releases/2_ModelScripts/4_ModeChoice/05_Skim_Tran.s",221
4,19,"MW[03]","mw[03]","/d/GitHub/WF-TDM-Official-Releases/2_ModelScripts/4_ModeChoice/05_Skim_Tran.s",220
4,17,"N","N","/d/GitHub/WF-TDM-Official-Releases/1_Inputs/3_Highway/_Network Processing Tools/Update & Export Merged Master Net/_Update & Export MergedMasterNet.s",574
4,12,"LOOKUPI[1]","LOOKUPI[1]","/d/GitHub/WF-TDM-Official-Releases/2_ModelScripts/3_Distribute/1_Distribution.s",4468
4,11,"MW[140]","mw[140]","/d/GitHub/WF-TDM-Official-Releases/2_ModelScripts/3_Distribute/3_SumToDistricts_GRAVITY.s",132
4,10,"N_1","n_1","/d/GitHub/WF-TDM-Official-Releases/2_ModelScripts/3_Distribute/1_Distribution.s",454
4,10,"MATI[3]","MATI[3]","/d/GitHub/WF-TDM-Official-Releases/2_ModelScripts/3_Distribute/1_Distribution.s",2132
3,9,"PROCREC","procrec","/d/GitHub/WF-TDM-Official-Releases/2_ModelScripts/0_InputProcessing/c_NetworkProcessing/3_TurnPenalty.s",58
3,8,"RO.TOTHH","RO.TOTHH","/d/GitHub/WF-TDM-Official-Releases/2_ModelScripts/0_InputProcessing/b_SEProcessing/1_DemographicsAnalysis.s",281
3,8,"DY_TKTME_M","DY_TkTme_M","/d/GitHub/WF-TDM-Official-Releases/2_ModelScripts/3_Distribute/1_Distribution.s",347
3,8,"DY_TKTME_H","DY_TkTme_H","/d/GitHub/WF-TDM-Official-Releases/2_ModelScripts/3_Distribute/1_Distribution.s",354
3,8,"DY_TKSPD_M","DY_TkSpd_M","/d/GitHub/WF-TDM-Official-Releases/2_ModelScripts/3_Distribute/1_Distribution.s",326
3,8,"DY_TKSPD_H","DY_TkSpd_H","/d/GitHub/WF-TDM-Official-Releases/2_ModelScripts/3_Distribute/1_Distribution.s",333
3,7,"MW[53]","mw[53]","/d/GitHub/WF-TDM-Official-Releases/2_ModelScripts/4_ModeChoice/18_SumToDistricts_FinalTripTables.s",358
3,7,"MW[52]","mw[52]","/d/GitHub/WF-TDM-Official-Releases/2_ModelScripts/4_ModeChoice/18_SumToDistricts_FinalTripTables.s",357
3,7,"MW[51]","mw[51]","/d/GitHub/WF-TDM-Official-Releases/2_ModelScripts/4_ModeChoice/18_SumToDistricts_FinalTripTables.s",356
3,7,"MW[50]","mw[50]","/d/GitHub/WF-TDM-Official-Releases/2_ModelScripts/4_ModeChoice/18_SumToDistricts_FinalTripTables.s",355
3,7,"MW[49]","mw[49]","/d/GitHub/WF-TDM-Official-Releases/2_ModelScripts/4_ModeChoice/18_SumToDistricts_FinalTripTables.s",354
3,7,"MW[38]","MW[38]","/d/GitHub/WF-TDM-Official-Releases/2_ModelScripts/4_ModeChoice/11_MC_HBW_HBO_NHB_HBC.s",1742
3,7,"MW[37]","MW[37]","/d/GitHub/WF-TDM-Official-Releases/2_ModelScripts/4_ModeChoice/11_MC_HBW_HBO_NHB_HBC.s",1741
3,7,"MW[36]","MW[36]","/d/GitHub/WF-TDM-Official-Releases/2_ModelScripts/4_ModeChoice/11_MC_HBW_HBO_NHB_HBC.s",1740
3,7,"MW[35]","MW[35]","/d/GitHub/WF-TDM-Official-Releases/2_ModelScripts/4_ModeChoice/11_MC_HBW_HBO_NHB_HBC.s",1739
3,7,"MW[150]","mw[150]","/d/GitHub/WF-TDM-Official-Releases/2_ModelScripts/4_ModeChoice/10_ConvertSomeXI2HBW.s",140
3,7,"MW[138]","mw[138]","/d/GitHub/WF-TDM-Official-Releases/2_ModelScripts/4_ModeChoice/18_SumToDistricts_FinalTripTables.s",446
3,7,"MW[135]","mw[135]","/d/GitHub/WF-TDM-Official-Releases/2_ModelScripts/4_ModeChoice/12_EstimateHBSchModeShare.s",173
3,6,"PM_BTI_TME","PM_BTI_TME","/d/GitHub/WF-TDM-Official-Releases/2_ModelScripts/3_Distribute/1_Distribution.s",378
3,6,"MW[148]","mw[148]","/d/GitHub/WF-TDM-Official-Releases/2_ModelScripts/4_ModeChoice/18_SumToDistricts_FinalTripTables.s",456
3,6,"MD_BTI_TME","MD_BTI_TME","/d/GitHub/WF-TDM-Official-Releases/2_ModelScripts/3_Distribute/1_Distribution.s",377
3,6,"LW.VC_GP9","lw.VC_GP9","/d/GitHub/WF-TDM-Official-Releases/2_ModelScripts/3_Distribute/block/4pd_mainbody_distribution.block",554
3,6,"LW.VC_GP8","lw.VC_GP8","/d/GitHub/WF-TDM-Official-Releases/2_ModelScripts/3_Distribute/block/4pd_mainbody_distribution.block",540
3,6,"LW.VC_GP7","lw.VC_GP7","/d/GitHub/WF-TDM-Official-Releases/2_ModelScripts/3_Distribute/block/4pd_mainbody_distribution.block",526
3,6,"LW.VC_GP6","lw.VC_GP6","/d/GitHub/WF-TDM-Official-Releases/2_ModelScripts/3_Distribute/block/4pd_mainbody_distribution.block",512
3,6,"LW.VC_GP5","lw.VC_GP5","/d/GitHub/WF-TDM-Official-Releases/2_ModelScripts/3_Distribute/block/4pd_mainbody_distribution.block",498
3,6,"LW.VC_GP4","lw.VC_GP4","/d/GitHub/WF-TDM-Official-Releases/2_ModelScripts/3_Distribute/block/4pd_mainbody_distribution.block",484
3,6,"LW.VC_GP3","lw.VC_GP3","/d/GitHub/WF-TDM-Official-Releases/2_ModelScripts/3_Distribute/block/4pd_mainbody_distribution.block",470
3,6,"LW.VC_GP2","lw.VC_GP2","/d/GitHub/WF-TDM-Official-Releases/2_ModelScripts/3_Distribute/block/4pd_mainbody_distribution.block",456
3,6,"LW.VC_GP10","lw.VC_GP10","/d/GitHub/WF-TDM-Official-Releases/2_ModelScripts/3_Distribute/block/4pd_mainbody_distribution.block",568
3,6,"LW.VC_GP1","lw.VC_GP1","/d/GitHub/WF-TDM-Official-Releases/2_ModelScripts/3_Distribute/block/4pd_mainbody_distribution.block",442
3,6,"LW.TRKTIME_MD","lw.TrkTime_MD","/d/GitHub/WF-TDM-Official-Releases/2_ModelScripts/3_Distribute/block/4pd_mainbody_distribution.block",279
3,6,"LW.TRKTIME_HV","lw.TrkTime_HV","/d/GitHub/WF-TDM-Official-Releases/2_ModelScripts/3_Distribute/block/4pd_mainbody_distribution.block",280
3,6,"LW.TRKSPD_MD","lw.TrkSpd_MD","/d/GitHub/WF-TDM-Official-Releases/2_ModelScripts/3_Distribute/block/4pd_mainbody_distribution.block",275
3,6,"LW.TRKSPD_HV","lw.TrkSpd_HV","/d/GitHub/WF-TDM-Official-Releases/2_ModelScripts/3_Distribute/block/4pd_mainbody_distribution.block",276
3,6,"LW.TRKPEN_MD","lw.TrkPen_MD","/d/GitHub/WF-TDM-Official-Releases/2_ModelScripts/3_Distribute/block/4pd_mainbody_distribution.block",283
3,6,"LW.TRKPEN_HV","lw.TrkPen_HV","/d/GitHub/WF-TDM-Official-Releases/2_ModelScripts/3_Distribute/block/4pd_mainbody_distribution.block",284
3,6,"LW.TIME_AUTO","lw.Time_Auto","/d/GitHub/WF-TDM-Official-Releases/2_ModelScripts/3_Distribute/block/4pd_mainbody_distribution.block",272
3,6,"LW.SPD_AUTO","lw.Spd_Auto","/d/GitHub/WF-TDM-Official-Releases/2_ModelScripts/3_Distribute/block/4pd_mainbody_distribution.block",271
3,6,"LW.RAMPPEN_9_10","lw.RampPen_9_10","/d/GitHub/WF-TDM-Official-Releases/2_ModelScripts/3_Distribute/block/4pd_mainbody_distribution.block",608
3,6,"LW.RAMPPEN_8_9","lw.RampPen_8_9","/d/GitHub/WF-TDM-Official-Releases/2_ModelScripts/3_Distribute/block/4pd_mainbody_distribution.block",618
3,6,"LW.RAMPPEN_7_8","lw.RampPen_7_8","/d/GitHub/WF-TDM-Official-Releases/2_ModelScripts/3_Distribute/block/4pd_mainbody_distribution.block",628
3,6,"LW.RAMPPEN_6_7","lw.RampPen_6_7","/d/GitHub/WF-TDM-Official-Releases/2_ModelScripts/3_Distribute/block/4pd_mainbody_distribution.block",638
3,6,"LW.RAMPPEN_5_6","lw.RampPen_5_6","/d/GitHub/WF-TDM-Official-Releases/2_ModelScripts/3_Distribute/block/4pd_mainbody_distribution.block",648
3,6,"LW.RAMPPEN_4_5","lw.RampPen_4_5","/d/GitHub/WF-TDM-Official-Releases/2_ModelScripts/3_Distribute/block/4pd_mainbody_distribution.block",658
3,6,"LW.RAMPPEN_3_4","lw.RampPen_3_4","/d/GitHub/WF-TDM-Official-Releases/2_ModelScripts/3_Distribute/block/4pd_mainbody_distribution.block",668
3,6,"LW.RAMPPEN_2_3","lw.RampPen_2_3","/d/GitHub/WF-TDM-Official-Releases/2_ModelScripts/3_Distribute/block/4pd_mainbody_distribution.block",678
3,6,"LW.RAMPPEN_1_2","lw.RampPen_1_2","/d/GitHub/WF-TDM-Official-Releases/2_ModelScripts/3_Distribute/block/4pd_mainbody_distribution.block",688
3,6,"LW.COST_TRUCK_MD","lw.COST_Truck_MD","/d/GitHub/WF-TDM-Official-Releases/2_ModelScripts/3_Distribute/block/4pd_mainbody_distribution.block",295
3,6,"LW.COST_TRUCK_LT","lw.COST_Truck_LT","/d/GitHub/WF-TDM-Official-Releases/2_ModelScripts/3_Distribute/block/4pd_mainbody_distribution.block",294
3,6,"LW.COST_TRUCK_HV","lw.COST_Truck_HV","/d/GitHub/WF-TDM-Official-Releases/2_ModelScripts/3_Distribute/block/4pd_mainbody_distribution.block",296
3,6,"LW.COST_AUTO_WRK","lw.COST_Auto_Wrk","/d/GitHub/WF-TDM-Official-Releases/2_ModelScripts/3_Distribute/block/4pd_mainbody_distribution.block",290
3,6,"LW.COST_AUTO_PER","lw.COST_Auto_Per","/d/GitHub/WF-TDM-Official-Releases/2_ModelScripts/3_Distribute/block/4pd_mainbody_distribution.block",291
3,6,"LW.COST_AUTO_EXT","lw.COST_Auto_Ext","/d/GitHub/WF-TDM-Official-Releases/2_ModelScripts/3_Distribute/block/4pd_mainbody_distribution.block",292
3,6,"FF_BTI_TME","FF_BTI_TME","/d/GitHub/WF-TDM-Official-Releases/2_ModelScripts/3_Distribute/1_Distribution.s",375
3,6,"EV_BTI_TME","EV_BTI_TME","/d/GitHub/WF-TDM-Official-Releases/2_ModelScripts/3_Distribute/1_Distribution.s",379
3,6,"DY_RAMPPEN","DY_RAMPPEN","/d/GitHub/WF-TDM-Official-Releases/2_ModelScripts/3_Distribute/1_Distribution.s",276
3,6,"DY_BTI_TME","DY_BTI_TME","/d/GitHub/WF-TDM-Official-Releases/2_ModelScripts/3_Distribute/1_Distribution.s",380
3,6,"AM_BTI_TME","AM_BTI_TME","/d/GitHub/WF-TDM-Official-Releases/2_ModelScripts/3_Distribute/1_Distribution.s",376
3,5,"PERC_WALK","perc_walk","/d/GitHub/WF-TDM-Official-Releases/2_ModelScripts/4_ModeChoice/06_HBW_logsums.s",196
3,5,"PERC_NONE","perc_none","/d/GitHub/WF-TDM-Official-Releases/2_ModelScripts/4_ModeChoice/06_HBW_logsums.s",198
3,5,"PERC_DRIVE","perc_drive","/d/GitHub/WF-TDM-Official-Releases/2_ModelScripts/4_ModeChoice/06_HBW_logsums.s",197
3,5,"MW[912]","mw[912]","/d/GitHub/WF-TDM-Official-Releases/2_ModelScripts/4_ModeChoice/16_SharesReport.s",4441
3,5,"MW[911]","mw[911]","/d/GitHub/WF-TDM-Official-Releases/2_ModelScripts/4_ModeChoice/16_SharesReport.s",4440
3,5,"MW[603]","mw[603]","/d/GitHub/WF-TDM-Official-Releases/2_ModelScripts/4_ModeChoice/16_SharesReport.s",4484
3,5,"MW[601]","mw[601]","/d/GitHub/WF-TDM-Official-Releases/2_ModelScripts/4_ModeChoice/16_SharesReport.s",4481
3,5,"MW[400]","mw[400]","/d/GitHub/WF-TDM-Official-Releases/2_ModelScripts/3_Distribute/1_Distribution.s",3004
3,5,"MW[16][J]","MW[16][j]","/d/GitHub/WF-TDM-Official-Releases/2_ModelScripts/4_ModeChoice/09_Segmnt_PA_HBbyMC.s",168
3,5,"MW[15][J]","MW[15][j]","/d/GitHub/WF-TDM-Official-Releases/2_ModelScripts/4_ModeChoice/09_Segmnt_PA_HBbyMC.s",167
3,5,"MW[14][J]","MW[14][j]","/d/GitHub/WF-TDM-Official-Releases/2_ModelScripts/4_ModeChoice/09_Segmnt_PA_HBbyMC.s",166
3,5,"MW[13][J]","MW[13][j]","/d/GitHub/WF-TDM-Official-Releases/2_ModelScripts/4_ModeChoice/09_Segmnt_PA_HBbyMC.s",165
3,5,"MW[12][J]","MW[12][j]","/d/GitHub/WF-TDM-Official-Releases/2_ModelScripts/4_ModeChoice/09_Segmnt_PA_HBbyMC.s",164
3,5,"HOTZN","HOTZN","/d/GitHub/WF-TDM-Official-Releases/1_Inputs/3_Highway/_Network Processing Tools/Copy SEGID field from One Master Network to Another/CopySEGIDfieldfromOneMasterNetworktoAnother.s",24
3,41,"IB_OB","IB_OB","/d/GitHub/WF-TDM-Official-Releases/2_ModelScripts/0_InputProcessing/c_NetworkProcessing/1_NetProcessor.s",363
3,4,"TSPD23_50U","TSPD23_50U","/d/GitHub/WF-TDM-Official-Releases/1_Inputs/3_Highway/_Network Processing Tools/Copy SEGID field from One Master Network to Another/CopySEGIDfieldfromOneMasterNetworktoAnother.s",78
3,4,"TSPD23_50","TSPD23_50","/d/GitHub/WF-TDM-Official-Releases/1_Inputs/3_Highway/_Network Processing Tools/Copy SEGID field from One Master Network to Another/CopySEGIDfieldfromOneMasterNetworktoAnother.s",75
3,4,"TSPD23_42U","TSPD23_42U","/d/GitHub/WF-TDM-Official-Releases/1_Inputs/3_Highway/_Network Processing Tools/Copy SEGID field from One Master Network to Another/CopySEGIDfieldfromOneMasterNetworktoAnother.s",77
3,4,"TSPD23_42","TSPD23_42","/d/GitHub/WF-TDM-Official-Releases/1_Inputs/3_Highway/_Network Processing Tools/Copy SEGID field from One Master Network to Another/CopySEGIDfieldfromOneMasterNetworktoAnother.s",74
3,4,"TSPD23_32U","TSPD23_32U","/d/GitHub/WF-TDM-Official-Releases/1_Inputs/3_Highway/_Network Processing Tools/Copy SEGID field from One Master Network to Another/CopySEGIDfieldfromOneMasterNetworktoAnother.s",76
3,4,"TSPD23_32","TSPD23_32","/d/GitHub/WF-TDM-Official-Releases/1_Inputs/3_Highway/_Network Processing Tools/Copy SEGID field from One Master Network to Another/CopySEGIDfieldfromOneMasterNetworktoAnother.s",73
3,4,"TSPD_AVE","TSPD_AVE","/d/GitHub/WF-TDM-Official-Releases/1_Inputs/3_Highway/_Network Processing Tools/Copy SEGID field from One Master Network to Another/CopySEGIDfieldfromOneMasterNetworktoAnother.s",79
3,4,"TSPD_2028","TSPD_2028","/d/GitHub/WF-TDM-Official-Releases/1_Inputs/3_Highway/_Network Processing Tools/Copy SEGID field from One Master Network to Another/CopySEGIDfieldfromOneMasterNetworktoAnother.s",72
3,4,"TSPD_2023","TSPD_2023","/d/GitHub/WF-TDM-Official-Releases/1_Inputs/3_Highway/_Network Processing Tools/Copy SEGID field from One Master Network to Another/CopySEGIDfieldfromOneMasterNetworktoAnother.s",71
3,4,"TSPD_2021","TSPD_2021","/d/GitHub/WF-TDM-Official-Releases/1_Inputs/3_Highway/_Network Processing Tools/Copy SEGID field from One Master Network to Another/CopySEGIDfieldfromOneMasterNetworktoAnother.s",70
3,4,"TSPD_2019","TSPD_2019","/d/GitHub/WF-TDM-Official-Releases/1_Inputs/3_Highway/_Network Processing Tools/Copy SEGID field from One Master Network to Another/CopySEGIDfieldfromOneMasterNetworktoAnother.s",69
3,4,"TSPD_2015","TSPD_2015","/d/GitHub/WF-TDM-Official-Releases/1_Inputs/3_Highway/_Network Processing Tools/Copy SEGID field from One Master Network to Another/CopySEGIDfieldfromOneMasterNetworktoAnother.s",68
3,4,"TRNSPD_PTC","TRNSPD_PTC","/d/GitHub/WF-TDM-Official-Releases/1_Inputs/3_Highway/_Network Processing Tools/Copy SEGID field from One Master Network to Another/CopySEGIDfieldfromOneMasterNetworktoAnother.s",80
3,4,"TRNSPD_MIS","TRNSPD_MIS","/d/GitHub/WF-TDM-Official-Releases/1_Inputs/3_Highway/_Network Processing Tools/Copy SEGID field from One Master Network to Another/CopySEGIDfieldfromOneMasterNetworktoAnother.s",81
3,4,"TRNSPD_MED","TRNSPD_MED","/d/GitHub/WF-TDM-Official-Releases/1_Inputs/3_Highway/_Network Processing Tools/Copy SEGID field from One Master Network to Another/CopySEGIDfieldfromOneMasterNetworktoAnother.s",82
3,4,"TRNSPD_HII","TRNSPD_HII","/d/GitHub/WF-TDM-Official-Releases/1_Inputs/3_Highway/_Network Processing Tools/Copy SEGID field from One Master Network to Another/CopySEGIDfieldfromOneMasterNetworktoAnother.s",84
3,4,"TRNSPD_HIG","TRNSPD_HIG","/d/GitHub/WF-TDM-Official-Releases/1_Inputs/3_Highway/_Network Processing Tools/Copy SEGID field from One Master Network to Another/CopySEGIDfieldfromOneMasterNetworktoAnother.s",83
3,4,"TRKRST2023","TRKRST2023","/d/GitHub/WF-TDM-Official-Releases/1_Inputs/3_Highway/_Network Processing Tools/Copy SEGID field from One Master Network to Another/CopySEGIDfieldfromOneMasterNetworktoAnother.s",33
3,4,"TRKRST2015","TRKRST2015","/d/GitHub/WF-TDM-Official-Releases/1_Inputs/3_Highway/_Network Processing Tools/Copy SEGID field from One Master Network to Another/CopySEGIDfieldfromOneMasterNetworktoAnother.s",32
3,4,"STREET","STREET","/d/GitHub/WF-TDM-Official-Releases/1_Inputs/3_Highway/_Network Processing Tools/Copy SEGID field from One Master Network to Another/CopySEGIDfieldfromOneMasterNetworktoAnother.s",23
3,4,"SGX23_50UF","SGX23_50UF","/d/GitHub/WF-TDM-Official-Releases/1_Inputs/3_Highway/_Network Processing Tools/Copy SEGID field from One Master Network to Another/CopySEGIDfieldfromOneMasterNetworktoAnother.s",44
3,4,"SGX23_50","SGX23_50","/d/GitHub/WF-TDM-Official-Releases/1_Inputs/3_Highway/_Network Processing Tools/Copy SEGID field from One Master Network to Another/CopySEGIDfieldfromOneMasterNetworktoAnother.s",41
3,4,"SGX23_42UF","SGX23_42UF","/d/GitHub/WF-TDM-Official-Releases/1_Inputs/3_Highway/_Network Processing Tools/Copy SEGID field from One Master Network to Another/CopySEGIDfieldfromOneMasterNetworktoAnother.s",43
3,4,"SGX23_42","SGX23_42","/d/GitHub/WF-TDM-Official-Releases/1_Inputs/3_Highway/_Network Processing Tools/Copy SEGID field from One Master Network to Another/CopySEGIDfieldfromOneMasterNetworktoAnother.s",40
3,4,"SGX23_32UF","SGX23_32UF","/d/GitHub/WF-TDM-Official-Releases/1_Inputs/3_Highway/_Network Processing Tools/Copy SEGID field from One Master Network to Another/CopySEGIDfieldfromOneMasterNetworktoAnother.s",42
3,4,"SGX23_32","SGX23_32","/d/GitHub/WF-TDM-Official-Releases/1_Inputs/3_Highway/_Network Processing Tools/Copy SEGID field from One Master Network to Another/CopySEGIDfieldfromOneMasterNetworktoAnother.s",39
3,4,"SGX_2028","SGX_2028","/d/GitHub/WF-TDM-Official-Releases/1_Inputs/3_Highway/_Network Processing Tools/Copy SEGID field from One Master Network to Another/CopySEGIDfieldfromOneMasterNetworktoAnother.s",38
3,4,"SGX_2023","SGX_2023","/d/GitHub/WF-TDM-Official-Releases/1_Inputs/3_Highway/_Network Processing Tools/Copy SEGID field from One Master Network to Another/CopySEGIDfieldfromOneMasterNetworktoAnother.s",37
3,4,"SGX_2021","SGX_2021","/d/GitHub/WF-TDM-Official-Releases/1_Inputs/3_Highway/_Network Processing Tools/Copy SEGID field from One Master Network to Another/CopySEGIDfieldfromOneMasterNetworktoAnother.s",36
3,4,"SFAC_FUT","SFAC_FUT","/d/GitHub/WF-TDM-Official-Releases/1_Inputs/3_Highway/_Network Processing Tools/Copy SEGID field from One Master Network to Another/CopySEGIDfieldfromOneMasterNetworktoAnother.s",29
3,4,"SFAC_BASE","SFAC_BASE","/d/GitHub/WF-TDM-Official-Releases/1_Inputs/3_Highway/_Network Processing Tools/Copy SEGID field from One Master Network to Another/CopySEGIDfieldfromOneMasterNetworktoAnother.s",28
3,4,"RO.DISTSML","RO.DISTSML","/d/GitHub/WF-TDM-Official-Releases/2_ModelScripts/0_InputProcessing/b_SEProcessing/1_DemographicsAnalysis.s",265
3,4,"REL23_50UF","REL23_50UF","/d/GitHub/WF-TDM-Official-Releases/1_Inputs/3_Highway/_Network Processing Tools/Copy SEGID field from One Master Network to Another/CopySEGIDfieldfromOneMasterNetworktoAnother.s",106
3,4,"REL23_50","REL23_50","/d/GitHub/WF-TDM-Official-Releases/1_Inputs/3_Highway/_Network Processing Tools/Copy SEGID field from One Master Network to Another/CopySEGIDfieldfromOneMasterNetworktoAnother.s",103
3,4,"REL23_42UF","REL23_42UF","/d/GitHub/WF-TDM-Official-Releases/1_Inputs/3_Highway/_Network Processing Tools/Copy SEGID field from One Master Network to Another/CopySEGIDfieldfromOneMasterNetworktoAnother.s",105
3,4,"REL23_42","REL23_42","/d/GitHub/WF-TDM-Official-Releases/1_Inputs/3_Highway/_Network Processing Tools/Copy SEGID field from One Master Network to Another/CopySEGIDfieldfromOneMasterNetworktoAnother.s",102
3,4,"REL23_32UF","REL23_32UF","/d/GitHub/WF-TDM-Official-Releases/1_Inputs/3_Highway/_Network Processing Tools/Copy SEGID field from One Master Network to Another/CopySEGIDfieldfromOneMasterNetworktoAnother.s",104
3,4,"REL23_32","REL23_32","/d/GitHub/WF-TDM-Official-Releases/1_Inputs/3_Highway/_Network Processing Tools/Copy SEGID field from One Master Network to Another/CopySEGIDfieldfromOneMasterNetworktoAnother.s",101
3,4,"REL_2028","REL_2028","/d/GitHub/WF-TDM-Official-Releases/1_Inputs/3_Highway/_Network Processing Tools/Copy SEGID field from One Master Network to Another/CopySEGIDfieldfromOneMasterNetworktoAnother.s",100
3,4,"REL_2023","REL_2023","/d/GitHub/WF-TDM-Official-Releases/1_Inputs/3_Highway/_Network Processing Tools/Copy SEGID field from One Master Network to Another/CopySEGIDfieldfromOneMasterNetworktoAnother.s",99
3,4,"REL_2021","REL_2021","/d/GitHub/WF-TDM-Official-Releases/1_Inputs/3_Highway/_Network Processing Tools/Copy SEGID field from One Master Network to Another/CopySEGIDfieldfromOneMasterNetworktoAnother.s",98
3,4,"REL_2019","REL_2019","/d/GitHub/WF-TDM-Official-Releases/1_Inputs/3_Highway/_Network Processing Tools/Copy SEGID field from One Master Network to Another/CopySEGIDfieldfromOneMasterNetworktoAnother.s",97
3,4,"REL_2015","REL_2015","/d/GitHub/WF-TDM-Official-Releases/1_Inputs/3_Highway/_Network Processing Tools/Copy SEGID field from One Master Network to Another/CopySEGIDfieldfromOneMasterNetworktoAnother.s",96
3,4,"PM_VMT","PM_VMT","/d/GitHub/WF-TDM-Official-Releases/2_ModelScripts/3_Distribute/1_Distribution.s",358
3,4,"PM_VHT","PM_VHT","/d/GitHub/WF-TDM-Official-Releases/2_ModelScripts/3_Distribute/1_Distribution.s",365
3,4,"PM_VC","PM_VC","/d/GitHub/WF-TDM-Official-Releases/2_ModelScripts/3_Distribute/1_Distribution.s",294
3,4,"PM_TKTME_M","PM_TkTme_M","/d/GitHub/WF-TDM-Official-Releases/2_ModelScripts/3_Distribute/1_Distribution.s",345
3,4,"PM_TKTME_H","PM_TkTme_H","/d/GitHub/WF-TDM-Official-Releases/2_ModelScripts/3_Distribute/1_Distribution.s",352
3,4,"PM_TKSPD_M","PM_TkSpd_M","/d/GitHub/WF-TDM-Official-Releases/2_ModelScripts/3_Distribute/1_Distribution.s",324
3,4,"PM_TKSPD_H","PM_TkSpd_H","/d/GitHub/WF-TDM-Official-Releases/2_ModelScripts/3_Distribute/1_Distribution.s",331
3,4,"PM_RAMPPEN","PM_RAMPPEN","/d/GitHub/WF-TDM-Official-Releases/2_ModelScripts/3_Distribute/1_Distribution.s",274
3,4,"PM_DELAY","PM_DELAY","/d/GitHub/WF-TDM-Official-Releases/2_ModelScripts/3_Distribute/1_Distribution.s",371
3,4,"OP23_50UF","OP23_50UF","/d/GitHub/WF-TDM-Official-Releases/1_Inputs/3_Highway/_Network Processing Tools/Copy SEGID field from One Master Network to Another/CopySEGIDfieldfromOneMasterNetworktoAnother.s",116
3,4,"OP23_50","OP23_50","/d/GitHub/WF-TDM-Official-Releases/1_Inputs/3_Highway/_Network Processing Tools/Copy SEGID field from One Master Network to Another/CopySEGIDfieldfromOneMasterNetworktoAnother.s",113
3,4,"OP23_42UF","OP23_42UF","/d/GitHub/WF-TDM-Official-Releases/1_Inputs/3_Highway/_Network Processing Tools/Copy SEGID field from One Master Network to Another/CopySEGIDfieldfromOneMasterNetworktoAnother.s",115
3,4,"OP23_42","OP23_42","/d/GitHub/WF-TDM-Official-Releases/1_Inputs/3_Highway/_Network Processing Tools/Copy SEGID field from One Master Network to Another/CopySEGIDfieldfromOneMasterNetworktoAnother.s",112
3,4,"OP23_32UF","OP23_32UF","/d/GitHub/WF-TDM-Official-Releases/1_Inputs/3_Highway/_Network Processing Tools/Copy SEGID field from One Master Network to Another/CopySEGIDfieldfromOneMasterNetworktoAnother.s",114
3,4,"OP23_32","OP23_32","/d/GitHub/WF-TDM-Official-Releases/1_Inputs/3_Highway/_Network Processing Tools/Copy SEGID field from One Master Network to Another/CopySEGIDfieldfromOneMasterNetworktoAnother.s",111
3,4,"OP_2028","OP_2028","/d/GitHub/WF-TDM-Official-Releases/1_Inputs/3_Highway/_Network Processing Tools/Copy SEGID field from One Master Network to Another/CopySEGIDfieldfromOneMasterNetworktoAnother.s",110
3,4,"OP_2023","OP_2023","/d/GitHub/WF-TDM-Official-Releases/1_Inputs/3_Highway/_Network Processing Tools/Copy SEGID field from One Master Network to Another/CopySEGIDfieldfromOneMasterNetworktoAnother.s",109
3,4,"OP_2021","OP_2021","/d/GitHub/WF-TDM-Official-Releases/1_Inputs/3_Highway/_Network Processing Tools/Copy SEGID field from One Master Network to Another/CopySEGIDfieldfromOneMasterNetworktoAnother.s",108
3,4,"OP_2019","OP_2019","/d/GitHub/WF-TDM-Official-Releases/1_Inputs/3_Highway/_Network Processing Tools/Copy SEGID field from One Master Network to Another/CopySEGIDfieldfromOneMasterNetworktoAnother.s",107
3,4,"MW[345]","mw[345]","/d/GitHub/WF-TDM-Official-Releases/2_ModelScripts/3_Distribute/1_Distribution.s",2443
3,4,"MW[344]","mw[344]","/d/GitHub/WF-TDM-Official-Releases/2_ModelScripts/3_Distribute/1_Distribution.s",2442
3,4,"MW[3][J]","mw[3][j]","/d/GitHub/WF-TDM-Official-Releases/2_ModelScripts/4_ModeChoice/02_Segmnt_TransitAccessMarkets.s",43
3,4,"MW[242]","mw[242]","/d/GitHub/WF-TDM-Official-Releases/2_ModelScripts/3_Distribute/1_Distribution.s",2413
3,4,"MD_VMT","MD_VMT","/d/GitHub/WF-TDM-Official-Releases/2_ModelScripts/3_Distribute/1_Distribution.s",357
3,4,"MD_VHT","MD_VHT","/d/GitHub/WF-TDM-Official-Releases/2_ModelScripts/3_Distribute/1_Distribution.s",364
3,4,"MD_VC","MD_VC","/d/GitHub/WF-TDM-Official-Releases/2_ModelScripts/3_Distribute/1_Distribution.s",293
3,4,"MD_TKTME_M","MD_TkTme_M","/d/GitHub/WF-TDM-Official-Releases/2_ModelScripts/3_Distribute/1_Distribution.s",344
3,4,"MD_TKTME_H","MD_TkTme_H","/d/GitHub/WF-TDM-Official-Releases/2_ModelScripts/3_Distribute/1_Distribution.s",351
3,4,"MD_TKSPD_M","MD_TkSpd_M","/d/GitHub/WF-TDM-Official-Releases/2_ModelScripts/3_Distribute/1_Distribution.s",323
3,4,"MD_TKSPD_H","MD_TkSpd_H","/d/GitHub/WF-TDM-Official-Releases/2_ModelScripts/3_Distribute/1_Distribution.s",330
3,4,"MD_RAMPPEN","MD_RAMPPEN","/d/GitHub/WF-TDM-Official-Releases/2_ModelScripts/3_Distribute/1_Distribution.s",273
3,4,"MD_DELAY","MD_DELAY","/d/GitHub/WF-TDM-Official-Releases/2_ModelScripts/3_Distribute/1_Distribution.s",370
3,4,"MATI[6]","MATI[6]","/d/GitHub/WF-TDM-Official-Releases/2_ModelScripts/3_Distribute/1_Distribution.s",2136
3,4,"LW.RAMPPEN_9","lw.RampPen_9","/d/GitHub/WF-TDM-Official-Releases/2_ModelScripts/3_Distribute/block/4pd_mainbody_distribution.block",590
3,4,"LW.RAMPPEN_8","lw.RampPen_8","/d/GitHub/WF-TDM-Official-Releases/2_ModelScripts/3_Distribute/block/4pd_mainbody_distribution.block",589
3,4,"LW.RAMPPEN_7","lw.RampPen_7","/d/GitHub/WF-TDM-Official-Releases/2_ModelScripts/3_Distribute/block/4pd_mainbody_distribution.block",588
3,4,"LW.RAMPPEN_6","lw.RampPen_6","/d/GitHub/WF-TDM-Official-Releases/2_ModelScripts/3_Distribute/block/4pd_mainbody_distribution.block",587
3,4,"LW.RAMPPEN_5","lw.RampPen_5","/d/GitHub/WF-TDM-Official-Releases/2_ModelScripts/3_Distribute/block/4pd_mainbody_distribution.block",586
3,4,"LW.RAMPPEN_4","lw.RampPen_4","/d/GitHub/WF-TDM-Official-Releases/2_ModelScripts/3_Distribute/block/4pd_mainbody_distribution.block",585
3,4,"LW.RAMPPEN_3","lw.RampPen_3","/d/GitHub/WF-TDM-Official-Releases/2_ModelScripts/3_Distribute/block/4pd_mainbody_distribution.block",584
3,4,"LW.RAMPPEN_2","lw.RampPen_2","/d/GitHub/WF-TDM-Official-Releases/2_ModelScripts/3_Distribute/block/4pd_mainbody_distribution.block",583
3,4,"LW.RAMPPEN_10","lw.RampPen_10","/d/GitHub/WF-TDM-Official-Releases/2_ModelScripts/3_Distribute/block/4pd_mainbody_distribution.block",591
3,4,"LW.RAMPPEN_1","lw.RampPen_1","/d/GitHub/WF-TDM-Official-Releases/2_ModelScripts/3_Distribute/block/4pd_mainbody_distribution.block",582
3,4,"LN23_50UFM","LN23_50UFM","/d/GitHub/WF-TDM-Official-Releases/1_Inputs/3_Highway/_Network Processing Tools/Copy SEGID field from One Master Network to Another/CopySEGIDfieldfromOneMasterNetworktoAnother.s",56
3,4,"LN23_50UF","LN23_50UF","/d/GitHub/WF-TDM-Official-Releases/1_Inputs/3_Highway/_Network Processing Tools/Copy SEGID field from One Master Network to Another/CopySEGIDfieldfromOneMasterNetworktoAnother.s",55
3,4,"LN23_50","LN23_50","/d/GitHub/WF-TDM-Official-Releases/1_Inputs/3_Highway/_Network Processing Tools/Copy SEGID field from One Master Network to Another/CopySEGIDfieldfromOneMasterNetworktoAnother.s",52
3,4,"LN23_42UF","LN23_42UF","/d/GitHub/WF-TDM-Official-Releases/1_Inputs/3_Highway/_Network Processing Tools/Copy SEGID field from One Master Network to Another/CopySEGIDfieldfromOneMasterNetworktoAnother.s",54
3,4,"LN23_42","LN23_42","/d/GitHub/WF-TDM-Official-Releases/1_Inputs/3_Highway/_Network Processing Tools/Copy SEGID field from One Master Network to Another/CopySEGIDfieldfromOneMasterNetworktoAnother.s",51
3,4,"LN23_32UF","LN23_32UF","/d/GitHub/WF-TDM-Official-Releases/1_Inputs/3_Highway/_Network Processing Tools/Copy SEGID field from One Master Network to Another/CopySEGIDfieldfromOneMasterNetworktoAnother.s",53
3,4,"LN23_32","LN23_32","/d/GitHub/WF-TDM-Official-Releases/1_Inputs/3_Highway/_Network Processing Tools/Copy SEGID field from One Master Network to Another/CopySEGIDfieldfromOneMasterNetworktoAnother.s",50
3,4,"LN_2028","LN_2028","/d/GitHub/WF-TDM-Official-Releases/1_Inputs/3_Highway/_Network Processing Tools/Copy SEGID field from One Master Network to Another/CopySEGIDfieldfromOneMasterNetworktoAnother.s",49
3,4,"LN_2023","LN_2023","/d/GitHub/WF-TDM-Official-Releases/1_Inputs/3_Highway/_Network Processing Tools/Copy SEGID field from One Master Network to Another/CopySEGIDfieldfromOneMasterNetworktoAnother.s",48
3,4,"LN_2021","LN_2021","/d/GitHub/WF-TDM-Official-Releases/1_Inputs/3_Highway/_Network Processing Tools/Copy SEGID field from One Master Network to Another/CopySEGIDfieldfromOneMasterNetworktoAnother.s",47
3,4,"LN_2019","LN_2019","/d/GitHub/WF-TDM-Official-Releases/1_Inputs/3_Highway/_Network Processing Tools/Copy SEGID field from One Master Network to Another/CopySEGIDfieldfromOneMasterNetworktoAnother.s",46
3,4,"LN_2015","LN_2015","/d/GitHub/WF-TDM-Official-Releases/1_Inputs/3_Highway/_Network Processing Tools/Copy SEGID field from One Master Network to Another/CopySEGIDfieldfromOneMasterNetworktoAnother.s",45
3,4,"HOT23_50UF","HOT23_50UF","/d/GitHub/WF-TDM-Official-Releases/1_Inputs/3_Highway/_Network Processing Tools/Copy SEGID field from One Master Network to Another/CopySEGIDfieldfromOneMasterNetworktoAnother.s",95
3,4,"HOT23_50","HOT23_50","/d/GitHub/WF-TDM-Official-Releases/1_Inputs/3_Highway/_Network Processing Tools/Copy SEGID field from One Master Network to Another/CopySEGIDfieldfromOneMasterNetworktoAnother.s",92
3,4,"HOT23_42UF","HOT23_42UF","/d/GitHub/WF-TDM-Official-Releases/1_Inputs/3_Highway/_Network Processing Tools/Copy SEGID field from One Master Network to Another/CopySEGIDfieldfromOneMasterNetworktoAnother.s",94
3,4,"HOT23_42","HOT23_42","/d/GitHub/WF-TDM-Official-Releases/1_Inputs/3_Highway/_Network Processing Tools/Copy SEGID field from One Master Network to Another/CopySEGIDfieldfromOneMasterNetworktoAnother.s",91
3,4,"HOT23_32UF","HOT23_32UF","/d/GitHub/WF-TDM-Official-Releases/1_Inputs/3_Highway/_Network Processing Tools/Copy SEGID field from One Master Network to Another/CopySEGIDfieldfromOneMasterNetworktoAnother.s",93
3,4,"HOT23_32","HOT23_32","/d/GitHub/WF-TDM-Official-Releases/1_Inputs/3_Highway/_Network Processing Tools/Copy SEGID field from One Master Network to Another/CopySEGIDfieldfromOneMasterNetworktoAnother.s",90
3,4,"HOT_2028","HOT_2028","/d/GitHub/WF-TDM-Official-Releases/1_Inputs/3_Highway/_Network Processing Tools/Copy SEGID field from One Master Network to Another/CopySEGIDfieldfromOneMasterNetworktoAnother.s",89
3,4,"HOT_2023","HOT_2023","/d/GitHub/WF-TDM-Official-Releases/1_Inputs/3_Highway/_Network Processing Tools/Copy SEGID field from One Master Network to Another/CopySEGIDfieldfromOneMasterNetworktoAnother.s",88
3,4,"HOT_2021","HOT_2021","/d/GitHub/WF-TDM-Official-Releases/1_Inputs/3_Highway/_Network Processing Tools/Copy SEGID field from One Master Network to Another/CopySEGIDfieldfromOneMasterNetworktoAnother.s",87
3,4,"HOT_2019","HOT_2019","/d/GitHub/WF-TDM-Official-Releases/1_Inputs/3_Highway/_Network Processing Tools/Copy SEGID field from One Master Network to Another/CopySEGIDfieldfromOneMasterNetworktoAnother.s",86
3,4,"HOT_2015","HOT_2015","/d/GitHub/WF-TDM-Official-Releases/1_Inputs/3_Highway/_Network Processing Tools/Copy SEGID field from One Master Network to Another/CopySEGIDfieldfromOneMasterNetworktoAnother.s",85
3,4,"GIS23_50","GIS23_50","/d/GitHub/WF-TDM-Official-Releases/1_Inputs/3_Highway/_Network Processing Tools/Copy SEGID field from One Master Network to Another/CopySEGIDfieldfromOneMasterNetworktoAnother.s",119
3,4,"GIS23_42","GIS23_42","/d/GitHub/WF-TDM-Official-Releases/1_Inputs/3_Highway/_Network Processing Tools/Copy SEGID field from One Master Network to Another/CopySEGIDfieldfromOneMasterNetworktoAnother.s",118
3,4,"GIS23_32","GIS23_32","/d/GitHub/WF-TDM-Official-Releases/1_Inputs/3_Highway/_Network Processing Tools/Copy SEGID field from One Master Network to Another/CopySEGIDfieldfromOneMasterNetworktoAnother.s",117
3,4,"FT23_50UF","FT23_50UF","/d/GitHub/WF-TDM-Official-Releases/1_Inputs/3_Highway/_Network Processing Tools/Copy SEGID field from One Master Network to Another/CopySEGIDfieldfromOneMasterNetworktoAnother.s",67
3,4,"FT23_50","FT23_50","/d/GitHub/WF-TDM-Official-Releases/1_Inputs/3_Highway/_Network Processing Tools/Copy SEGID field from One Master Network to Another/CopySEGIDfieldfromOneMasterNetworktoAnother.s",64
3,4,"FT23_42UF","FT23_42UF","/d/GitHub/WF-TDM-Official-Releases/1_Inputs/3_Highway/_Network Processing Tools/Copy SEGID field from One Master Network to Another/CopySEGIDfieldfromOneMasterNetworktoAnother.s",66
3,4,"FT23_42","FT23_42","/d/GitHub/WF-TDM-Official-Releases/1_Inputs/3_Highway/_Network Processing Tools/Copy SEGID field from One Master Network to Another/CopySEGIDfieldfromOneMasterNetworktoAnother.s",63
3,4,"FT23_32UF","FT23_32UF","/d/GitHub/WF-TDM-Official-Releases/1_Inputs/3_Highway/_Network Processing Tools/Copy SEGID field from One Master Network to Another/CopySEGIDfieldfromOneMasterNetworktoAnother.s",65
3,4,"FT23_32","FT23_32","/d/GitHub/WF-TDM-Official-Releases/1_Inputs/3_Highway/_Network Processing Tools/Copy SEGID field from One Master Network to Another/CopySEGIDfieldfromOneMasterNetworktoAnother.s",62
3,4,"FT_2028","FT_2028","/d/GitHub/WF-TDM-Official-Releases/1_Inputs/3_Highway/_Network Processing Tools/Copy SEGID field from One Master Network to Another/CopySEGIDfieldfromOneMasterNetworktoAnother.s",61
3,4,"FT_2023","FT_2023","/d/GitHub/WF-TDM-Official-Releases/1_Inputs/3_Highway/_Network Processing Tools/Copy SEGID field from One Master Network to Another/CopySEGIDfieldfromOneMasterNetworktoAnother.s",60
3,4,"FT_2021","FT_2021","/d/GitHub/WF-TDM-Official-Releases/1_Inputs/3_Highway/_Network Processing Tools/Copy SEGID field from One Master Network to Another/CopySEGIDfieldfromOneMasterNetworktoAnother.s",59
3,4,"FT_2019","FT_2019","/d/GitHub/WF-TDM-Official-Releases/1_Inputs/3_Highway/_Network Processing Tools/Copy SEGID field from One Master Network to Another/CopySEGIDfieldfromOneMasterNetworktoAnother.s",58
3,4,"FT_2015","FT_2015","/d/GitHub/WF-TDM-Official-Releases/1_Inputs/3_Highway/_Network Processing Tools/Copy SEGID field from One Master Network to Another/CopySEGIDfieldfromOneMasterNetworktoAnother.s",57
3,4,"FF_VHT","FF_VHT","/d/GitHub/WF-TDM-Official-Releases/2_ModelScripts/3_Distribute/1_Distribution.s",362
3,4,"FF_TKTME_M","FF_TkTme_M","/d/GitHub/WF-TDM-Official-Releases/2_ModelScripts/3_Distribute/1_Distribution.s",342
3,4,"FF_TKTME_H","FF_TkTme_H","/d/GitHub/WF-TDM-Official-Releases/2_ModelScripts/3_Distribute/1_Distribution.s",349
3,4,"FF_TKSPD_M","FF_TkSpd_M","/d/GitHub/WF-TDM-Official-Releases/2_ModelScripts/3_Distribute/1_Distribution.s",321
3,4,"FF_TKSPD_H","FF_TkSpd_H","/d/GitHub/WF-TDM-Official-Releases/2_ModelScripts/3_Distribute/1_Distribution.s",328
3,4,"EV_VMT","EV_VMT","/d/GitHub/WF-TDM-Official-Releases/2_ModelScripts/3_Distribute/1_Distribution.s",359
3,4,"EV_VHT","EV_VHT","/d/GitHub/WF-TDM-Official-Releases/2_ModelScripts/3_Distribute/1_Distribution.s",366
3,4,"EV_VC","EV_VC","/d/GitHub/WF-TDM-Official-Releases/2_ModelScripts/3_Distribute/1_Distribution.s",295
3,4,"EV_TKTME_M","EV_TkTme_M","/d/GitHub/WF-TDM-Official-Releases/2_ModelScripts/3_Distribute/1_Distribution.s",346
3,4,"EV_TKTME_H","EV_TkTme_H","/d/GitHub/WF-TDM-Official-Releases/2_ModelScripts/3_Distribute/1_Distribution.s",353
3,4,"EV_TKSPD_M","EV_TkSpd_M","/d/GitHub/WF-TDM-Official-Releases/2_ModelScripts/3_Distribute/1_Distribution.s",325
3,4,"EV_TKSPD_H","EV_TkSpd_H","/d/GitHub/WF-TDM-Official-Releases/2_ModelScripts/3_Distribute/1_Distribution.s",332
3,4,"EV_RAMPPEN","EV_RAMPPEN","/d/GitHub/WF-TDM-Official-Releases/2_ModelScripts/3_Distribute/1_Distribution.s",275
3,4,"EV_DELAY","EV_DELAY","/d/GitHub/WF-TDM-Official-Releases/2_ModelScripts/3_Distribute/1_Distribution.s",372
3,4,"DY_VOL2WY","DY_VOL2WY","/d/GitHub/WF-TDM-Official-Releases/2_ModelScripts/3_Distribute/1_Distribution.s",288
3,4,"DY_VMT","DY_VMT","/d/GitHub/WF-TDM-Official-Releases/2_ModelScripts/3_Distribute/1_Distribution.s",360
3,4,"DY_VHT","DY_VHT","/d/GitHub/WF-TDM-Official-Releases/2_ModelScripts/3_Distribute/1_Distribution.s",367
3,4,"DY_DELAY","DY_DELAY","/d/GitHub/WF-TDM-Official-Releases/2_ModelScripts/3_Distribute/1_Distribution.s",373
3,4,"DY_1K_2WY","DY_1k_2wy","/d/GitHub/WF-TDM-Official-Releases/2_ModelScripts/3_Distribute/1_Distribution.s",290
3,4,"DY_1K","DY_1k","/d/GitHub/WF-TDM-Official-Releases/2_ModelScripts/3_Distribute/1_Distribution.s",289
3,4,"CFAC_FUT","CFAC_FUT","/d/GitHub/WF-TDM-Official-Releases/1_Inputs/3_Highway/_Network Processing Tools/Copy SEGID field from One Master Network to Another/CopySEGIDfieldfromOneMasterNetworktoAnother.s",31
3,4,"CFAC_BASE","CFAC_BASE","/d/GitHub/WF-TDM-Official-Releases/1_Inputs/3_Highway/_Network Processing Tools/Copy SEGID field from One Master Network to Another/CopySEGIDfieldfromOneMasterNetworktoAnother.s",30
3,4,"AM_VMT","AM_VMT","/d/GitHub/WF-TDM-Official-Releases/2_ModelScripts/3_Distribute/1_Distribution.s",356
3,4,"AM_VHT","AM_VHT","/d/GitHub/WF-TDM-Official-Releases/2_ModelScripts/3_Distribute/1_Distribution.s",363
3,4,"AM_VC","AM_VC","/d/GitHub/WF-TDM-Official-Releases/2_ModelScripts/3_Distribute/1_Distribution.s",292
3,4,"AM_TKTME_M","AM_TkTme_M","/d/GitHub/WF-TDM-Official-Releases/2_ModelScripts/3_Distribute/1_Distribution.s",343
3,4,"AM_TKTME_H","AM_TkTme_H","/d/GitHub/WF-TDM-Official-Releases/2_ModelScripts/3_Distribute/1_Distribution.s",350
3,4,"AM_TKSPD_M","AM_TkSpd_M","/d/GitHub/WF-TDM-Official-Releases/2_ModelScripts/3_Distribute/1_Distribution.s",322
3,4,"AM_TKSPD_H","AM_TkSpd_H","/d/GitHub/WF-TDM-Official-Releases/2_ModelScripts/3_Distribute/1_Distribution.s",329
3,4,"AM_RAMPPEN","AM_RAMPPEN","/d/GitHub/WF-TDM-Official-Releases/2_ModelScripts/3_Distribute/1_Distribution.s",272
3,4,"AM_DELAY","AM_DELAY","/d/GitHub/WF-TDM-Official-Releases/2_ModelScripts/3_Distribute/1_Distribution.s",369
3,30,"LW.RPEN","lw.RPen","/d/GitHub/WF-TDM-Official-Releases/2_ModelScripts/3_Distribute/block/4pd_mainbody_distribution.block",233
3,3,"V","V","/d/GitHub/WF-TDM-Official-Releases/2_ModelScripts/3_Distribute/block/4pd_mainbody_distribution.block",847
3,3,"USEDZONES","UsedZones","/d/GitHub/WF-TDM-Official-Releases/1_Inputs/3_Highway/_Network Processing Tools/Merge MAG-WFRC/__Merge_MAG_WFRCnets.s",9
3,3,"TC[6]","TC[6]","/d/GitHub/WF-TDM-Official-Releases/2_ModelScripts/3_Distribute/block/4pd_mainbody_distribution.block",876
3,3,"TC[5]","TC[5]","/d/GitHub/WF-TDM-Official-Releases/2_ModelScripts/3_Distribute/block/4pd_mainbody_distribution.block",875
3,3,"TC[4]","TC[4]","/d/GitHub/WF-TDM-Official-Releases/2_ModelScripts/3_Distribute/block/4pd_mainbody_distribution.block",874
3,3,"TC[3]","TC[3]","/d/GitHub/WF-TDM-Official-Releases/2_ModelScripts/3_Distribute/block/4pd_mainbody_distribution.block",873
3,3,"TC[2]","TC[2]","/d/GitHub/WF-TDM-Official-Releases/2_ModelScripts/3_Distribute/block/4pd_mainbody_distribution.block",872
3,3,"TC[10]","TC[10]","/d/GitHub/WF-TDM-Official-Releases/2_ModelScripts/3_Distribute/block/4pd_mainbody_distribution.block",877
3,3,"TC[1]","TC[1]","/d/GitHub/WF-TDM-Official-Releases/2_ModelScripts/3_Distribute/block/4pd_mainbody_distribution.block",871
3,3,"T0","T0","/d/GitHub/WF-TDM-Official-Releases/2_ModelScripts/3_Distribute/block/4pd_mainbody_distribution.block",83
3,3,"RO.XI_P","RO.XI_P","/d/GitHub/WF-TDM-Official-Releases/2_ModelScripts/2_TripGen/1_TripGen.s",1881
3,3,"RO.XI_A","RO.XI_A","/d/GitHub/WF-TDM-Official-Releases/2_ModelScripts/2_TripGen/1_TripGen.s",1912
3,3,"RO.TOTPER_P","RO.TotPer_P","/d/GitHub/WF-TDM-Official-Releases/2_ModelScripts/2_TripGen/1_TripGen.s",1870
3,3,"RO.TOTPER_A","RO.TotPer_A","/d/GitHub/WF-TDM-Official-Releases/2_ModelScripts/2_TripGen/1_TripGen.s",1901
3,3,"RO.TOTEXT_P","RO.TotExt_P","/d/GitHub/WF-TDM-Official-Releases/2_ModelScripts/2_TripGen/1_TripGen.s",1879
3,3,"RO.TOTEXT_A","RO.TotExt_A","/d/GitHub/WF-TDM-Official-Releases/2_ModelScripts/2_TripGen/1_TripGen.s",1910
3,3,"RO.NHBW_P","RO.NHBW_P","/d/GitHub/WF-TDM-Official-Releases/2_ModelScripts/2_TripGen/1_TripGen.s",1876
3,3,"RO.NHBW_A","RO.NHBW_A","/d/GitHub/WF-TDM-Official-Releases/2_ModelScripts/2_TripGen/1_TripGen.s",1907
3,3,"RO.NHBNW_P","RO.NHBNW_P","/d/GitHub/WF-TDM-Official-Releases/2_ModelScripts/2_TripGen/1_TripGen.s",1877
3,3,"RO.NHBNW_A","RO.NHBNW_A","/d/GitHub/WF-TDM-Official-Releases/2_ModelScripts/2_TripGen/1_TripGen.s",1908
3,3,"RO.IX_P","RO.IX_P","/d/GitHub/WF-TDM-Official-Releases/2_ModelScripts/2_TripGen/1_TripGen.s",1880
3,3,"RO.IX_A","RO.IX_A","/d/GitHub/WF-TDM-Official-Releases/2_ModelScripts/2_TripGen/1_TripGen.s",1911
3,3,"RO.HBW_P","RO.HBW_P","/d/GitHub/WF-TDM-Official-Releases/2_ModelScripts/2_TripGen/1_TripGen.s",1871
3,3,"RO.HBW_A","RO.HBW_A","/d/GitHub/WF-TDM-Official-Releases/2_ModelScripts/2_TripGen/1_TripGen.s",1902
3,3,"RO.HBSHP_P","RO.HBShp_P","/d/GitHub/WF-TDM-Official-Releases/2_ModelScripts/2_TripGen/1_TripGen.s",1874
3,3,"RO.HBSHP_A","RO.HBShp_A","/d/GitHub/WF-TDM-Official-Releases/2_ModelScripts/2_TripGen/1_TripGen.s",1905
3,3,"RO.HBSCH_SC_P","RO.HBSch_SC_P","/d/GitHub/WF-TDM-Official-Releases/2_ModelScripts/2_TripGen/1_TripGen.s",1873
3,3,"RO.HBSCH_SC_A","RO.HBSch_SC_A","/d/GitHub/WF-TDM-Official-Releases/2_ModelScripts/2_TripGen/1_TripGen.s",1904
3,3,"RO.HBSCH_PR_P","RO.HBSch_PR_P","/d/GitHub/WF-TDM-Official-Releases/2_ModelScripts/2_TripGen/1_TripGen.s",1872
3,3,"RO.HBSCH_PR_A","RO.HBSch_PR_A","/d/GitHub/WF-TDM-Official-Releases/2_ModelScripts/2_TripGen/1_TripGen.s",1903
3,3,"RO.HBOTH_P","RO.HBOth_P","/d/GitHub/WF-TDM-Official-Releases/2_ModelScripts/2_TripGen/1_TripGen.s",1875
3,3,"RO.HBOTH_A","RO.HBOth_A","/d/GitHub/WF-TDM-Official-Releases/2_ModelScripts/2_TripGen/1_TripGen.s",1906
3,3,"RMSE","RMSE","/d/GitHub/WF-TDM-Official-Releases/2_ModelScripts/3_Distribute/block/4pd_mainbody_distribution.block",15
3,3,"RELATIVEGAP","RELATIVEGAP","/d/GitHub/WF-TDM-Official-Releases/2_ModelScripts/3_Distribute/block/4pd_mainbody_distribution.block",12
3,3,"RAAD","RAAD","/d/GitHub/WF-TDM-Official-Releases/2_ModelScripts/3_Distribute/block/4pd_mainbody_distribution.block",17
3,3,"PDIFFVALUE","PDIFFVALUE","/d/GitHub/WF-TDM-Official-Releases/2_ModelScripts/3_Distribute/block/4pd_mainbody_distribution.block",20
3,3,"PDIFF","PDIFF","/d/GitHub/WF-TDM-Official-Releases/2_ModelScripts/3_Distribute/block/4pd_mainbody_distribution.block",19
3,3,"MW[9]","MW[9]","/d/GitHub/WF-TDM-Official-Releases/2_ModelScripts/4_ModeChoice/11_MC_HBW_HBO_NHB_HBC.s",734
3,3,"MW[8]","MW[8]","/d/GitHub/WF-TDM-Official-Releases/2_ModelScripts/4_ModeChoice/11_MC_HBW_HBO_NHB_HBC.s",733
3,3,"MW[247]","mw[247]","/d/GitHub/WF-TDM-Official-Releases/2_ModelScripts/4_ModeChoice/10_ConvertSomeXI2HBW.s",405
3,3,"MW[243]","mw[243]","/d/GitHub/WF-TDM-Official-Releases/2_ModelScripts/3_Distribute/1_Distribution.s",3684
3,3,"MW[236]","mw[236]","/d/GitHub/WF-TDM-Official-Releases/2_ModelScripts/4_ModeChoice/12_EstimateHBSchModeShare.s",188
3,3,"MW[195]","mw[195]","/d/GitHub/WF-TDM-Official-Releases/2_ModelScripts/4_ModeChoice/03_Skim_auto.s",1094
3,3,"MW[194]","mw[194]","/d/GitHub/WF-TDM-Official-Releases/2_ModelScripts/4_ModeChoice/03_Skim_auto.s",1093
3,3,"MW[185]","mw[185]","/d/GitHub/WF-TDM-Official-Releases/2_ModelScripts/4_ModeChoice/03_Skim_auto.s",1091
3,3,"MW[066]","mw[066]","/d/GitHub/WF-TDM-Official-Releases/2_ModelScripts/3_Distribute/1_Distribution.s",3510
3,3,"MW[063]","mw[063]","/d/GitHub/WF-TDM-Official-Releases/2_ModelScripts/3_Distribute/1_Distribution.s",3507
3,3,"MW[062]","mw[062]","/d/GitHub/WF-TDM-Official-Releases/2_ModelScripts/3_Distribute/1_Distribution.s",3506
3,3,"MW[061]","mw[061]","/d/GitHub/WF-TDM-Official-Releases/2_ModelScripts/3_Distribute/1_Distribution.s",3505
3,3,"MW[058]","mw[058]","/d/GitHub/WF-TDM-Official-Releases/2_ModelScripts/3_Distribute/1_Distribution.s",3502
3,3,"MW[057]","mw[057]","/d/GitHub/WF-TDM-Official-Releases/2_ModelScripts/3_Distribute/1_Distribution.s",3501
3,3,"MW[056]","mw[056]","/d/GitHub/WF-TDM-Official-Releases/2_ModelScripts/3_Distribute/1_Distribution.s",3500
3,3,"MW[046]","mw[046]","/d/GitHub/WF-TDM-Official-Releases/2_ModelScripts/3_Distribute/1_Distribution.s",3491
3,3,"MW[043]","mw[043]","/d/GitHub/WF-TDM-Official-Releases/2_ModelScripts/3_Distribute/1_Distribution.s",3488
3,3,"MW[042]","mw[042]","/d/GitHub/WF-TDM-Official-Releases/2_ModelScripts/3_Distribute/1_Distribution.s",3487
3,3,"MW[041]","mw[041]","/d/GitHub/WF-TDM-Official-Releases/2_ModelScripts/3_Distribute/1_Distribution.s",3486
3,3,"MW[033]","mw[033]","/d/GitHub/WF-TDM-Official-Releases/2_ModelScripts/3_Distribute/1_Distribution.s",3484
3,3,"MW[032]","mw[032]","/d/GitHub/WF-TDM-Official-Releases/2_ModelScripts/3_Distribute/1_Distribution.s",3483
3,3,"MW[031]","mw[031]","/d/GitHub/WF-TDM-Official-Releases/2_ModelScripts/3_Distribute/1_Distribution.s",3482
3,3,"MW[030]","mw[030]","/d/GitHub/WF-TDM-Official-Releases/2_ModelScripts/3_Distribute/1_Distribution.s",3481
3,3,"MW[022]","mw[022]","/d/GitHub/WF-TDM-Official-Releases/2_ModelScripts/3_Distribute/block/4pd_mainbody_distribution.block",762
3,3,"MW[021]","mw[021]","/d/GitHub/WF-TDM-Official-Releases/2_ModelScripts/3_Distribute/block/4pd_mainbody_distribution.block",761
3,3,"MW[016]","mw[016]","/d/GitHub/WF-TDM-Official-Releases/2_ModelScripts/3_Distribute/block/4pd_mainbody_distribution.block",758
3,3,"MW[014]","mw[014]","/d/GitHub/WF-TDM-Official-Releases/2_ModelScripts/3_Distribute/1_Distribution.s",3477
3,3,"MW[013]","mw[013]","/d/GitHub/WF-TDM-Official-Releases/2_ModelScripts/3_Distribute/1_Distribution.s",3476
3,3,"MW[012]","mw[012]","/d/GitHub/WF-TDM-Official-Releases/2_ModelScripts/3_Distribute/1_Distribution.s",3475
3,3,"MW[011]","mw[011]","/d/GitHub/WF-TDM-Official-Releases/2_ModelScripts/3_Distribute/1_Distribution.s",3474
3,3,"MW[010]","mw[010]","/d/GitHub/WF-TDM-Official-Releases/2_ModelScripts/3_Distribute/1_Distribution.s",3473
3,3,"MW[009]","mw[009]","/d/GitHub/WF-TDM-Official-Releases/2_ModelScripts/3_Distribute/1_Distribution.s",3472
3,3,"MW[005]","mw[005]","/d/GitHub/WF-TDM-Official-Releases/2_ModelScripts/3_Distribute/1_Distribution.s",3468
3,3,"MW[004]","mw[004]","/d/GitHub/WF-TDM-Official-Releases/2_ModelScripts/3_Distribute/1_Distribution.s",3467
3,3,"MAXRPEN","MaxRPen","/d/GitHub/WF-TDM-Official-Releases/2_ModelScripts/3_Distribute/block/4pd_mainbody_distribution.block",248
3,3,"LW.TOTVOL_PCE","lw.TotVol_PCE","/d/GitHub/WF-TDM-Official-Releases/2_ModelScripts/3_Distribute/block/4pd_mainbody_distribution.block",924
3,3,"LW.RPEN0","lw.RPen0","/d/GitHub/WF-TDM-Official-Releases/2_ModelScripts/3_Distribute/block/4pd_mainbody_distribution.block",925
3,3,"LW.RAMPPENADJ","lw.RampPenAdj","/d/GitHub/WF-TDM-Official-Releases/2_ModelScripts/3_Distribute/block/4pd_mainbody_distribution.block",707
3,3,"LW.RAMPPEN0_9","lw.RampPen0_9","/d/GitHub/WF-TDM-Official-Releases/2_ModelScripts/3_Distribute/block/4pd_mainbody_distribution.block",560
3,3,"LW.RAMPPEN0_8","lw.RampPen0_8","/d/GitHub/WF-TDM-Official-Releases/2_ModelScripts/3_Distribute/block/4pd_mainbody_distribution.block",546
3,3,"LW.RAMPPEN0_7","lw.RampPen0_7","/d/GitHub/WF-TDM-Official-Releases/2_ModelScripts/3_Distribute/block/4pd_mainbody_distribution.block",532
3,3,"LW.RAMPPEN0_6","lw.RampPen0_6","/d/GitHub/WF-TDM-Official-Releases/2_ModelScripts/3_Distribute/block/4pd_mainbody_distribution.block",518
3,3,"LW.RAMPPEN0_5","lw.RampPen0_5","/d/GitHub/WF-TDM-Official-Releases/2_ModelScripts/3_Distribute/block/4pd_mainbody_distribution.block",504
3,3,"LW.RAMPPEN0_4","lw.RampPen0_4","/d/GitHub/WF-TDM-Official-Releases/2_ModelScripts/3_Distribute/block/4pd_mainbody_distribution.block",490
3,3,"LW.RAMPPEN0_3","lw.RampPen0_3","/d/GitHub/WF-TDM-Official-Releases/2_ModelScripts/3_Distribute/block/4pd_mainbody_distribution.block",476
3,3,"LW.RAMPPEN0_2","lw.RampPen0_2","/d/GitHub/WF-TDM-Official-Releases/2_ModelScripts/3_Distribute/block/4pd_mainbody_distribution.block",462
3,3,"LW.RAMPPEN0_10","lw.RampPen0_10","/d/GitHub/WF-TDM-Official-Releases/2_ModelScripts/3_Distribute/block/4pd_mainbody_distribution.block",574
3,3,"LW.RAMPPEN0_1","lw.RampPen0_1","/d/GitHub/WF-TDM-Official-Releases/2_ModelScripts/3_Distribute/block/4pd_mainbody_distribution.block",448
3,3,"LW.RAMPPEN_9P","lw.RampPen_9p","/d/GitHub/WF-TDM-Official-Releases/2_ModelScripts/3_Distribute/block/4pd_mainbody_distribution.block",615
3,3,"LW.RAMPPEN_8P","lw.RampPen_8p","/d/GitHub/WF-TDM-Official-Releases/2_ModelScripts/3_Distribute/block/4pd_mainbody_distribution.block",625
3,3,"LW.RAMPPEN_7P","lw.RampPen_7p","/d/GitHub/WF-TDM-Official-Releases/2_ModelScripts/3_Distribute/block/4pd_mainbody_distribution.block",635
3,3,"LW.RAMPPEN_6P","lw.RampPen_6p","/d/GitHub/WF-TDM-Official-Releases/2_ModelScripts/3_Distribute/block/4pd_mainbody_distribution.block",645
3,3,"LW.RAMPPEN_5P","lw.RampPen_5p","/d/GitHub/WF-TDM-Official-Releases/2_ModelScripts/3_Distribute/block/4pd_mainbody_distribution.block",655
3,3,"LW.RAMPPEN_4P","lw.RampPen_4p","/d/GitHub/WF-TDM-Official-Releases/2_ModelScripts/3_Distribute/block/4pd_mainbody_distribution.block",665
3,3,"LW.RAMPPEN_3P","lw.RampPen_3p","/d/GitHub/WF-TDM-Official-Releases/2_ModelScripts/3_Distribute/block/4pd_mainbody_distribution.block",675
3,3,"LW.RAMPPEN_2P","lw.RampPen_2p","/d/GitHub/WF-TDM-Official-Releases/2_ModelScripts/3_Distribute/block/4pd_mainbody_distribution.block",685
3,3,"LW.RAMPPEN_1P","lw.RampPen_1p","/d/GitHub/WF-TDM-Official-Releases/2_ModelScripts/3_Distribute/block/4pd_mainbody_distribution.block",695
3,3,"LW.RAMPID_9","lw.RampID_9","/d/GitHub/WF-TDM-Official-Releases/2_ModelScripts/3_Distribute/block/4pd_mainbody_distribution.block",556
3,3,"LW.RAMPID_8","lw.RampID_8","/d/GitHub/WF-TDM-Official-Releases/2_ModelScripts/3_Distribute/block/4pd_mainbody_distribution.block",542
3,3,"LW.RAMPID_7","lw.RampID_7","/d/GitHub/WF-TDM-Official-Releases/2_ModelScripts/3_Distribute/block/4pd_mainbody_distribution.block",528
3,3,"LW.RAMPID_6","lw.RampID_6","/d/GitHub/WF-TDM-Official-Releases/2_ModelScripts/3_Distribute/block/4pd_mainbody_distribution.block",514
3,3,"LW.RAMPID_5","lw.RampID_5","/d/GitHub/WF-TDM-Official-Releases/2_ModelScripts/3_Distribute/block/4pd_mainbody_distribution.block",500
3,3,"LW.RAMPID_4","lw.RampID_4","/d/GitHub/WF-TDM-Official-Releases/2_ModelScripts/3_Distribute/block/4pd_mainbody_distribution.block",486
3,3,"LW.RAMPID_3","lw.RampID_3","/d/GitHub/WF-TDM-Official-Releases/2_ModelScripts/3_Distribute/block/4pd_mainbody_distribution.block",472
3,3,"LW.RAMPID_2","lw.RampID_2","/d/GitHub/WF-TDM-Official-Releases/2_ModelScripts/3_Distribute/block/4pd_mainbody_distribution.block",458
3,3,"LW.RAMPID_10","lw.RampID_10","/d/GitHub/WF-TDM-Official-Releases/2_ModelScripts/3_Distribute/block/4pd_mainbody_distribution.block",570
3,3,"LW.RAMPID_1","lw.RampID_1","/d/GitHub/WF-TDM-Official-Releases/2_ModelScripts/3_Distribute/block/4pd_mainbody_distribution.block",444
3,3,"LW.MAXRAMPPEN_9","lw.MaxRampPen_9","/d/GitHub/WF-TDM-Official-Releases/2_ModelScripts/3_Distribute/block/4pd_mainbody_distribution.block",559
3,3,"LW.MAXRAMPPEN_8","lw.MaxRampPen_8","/d/GitHub/WF-TDM-Official-Releases/2_ModelScripts/3_Distribute/block/4pd_mainbody_distribution.block",545
3,3,"LW.MAXRAMPPEN_7","lw.MaxRampPen_7","/d/GitHub/WF-TDM-Official-Releases/2_ModelScripts/3_Distribute/block/4pd_mainbody_distribution.block",531
3,3,"LW.MAXRAMPPEN_6","lw.MaxRampPen_6","/d/GitHub/WF-TDM-Official-Releases/2_ModelScripts/3_Distribute/block/4pd_mainbody_distribution.block",517
3,3,"LW.MAXRAMPPEN_5","lw.MaxRampPen_5","/d/GitHub/WF-TDM-Official-Releases/2_ModelScripts/3_Distribute/block/4pd_mainbody_distribution.block",503
3,3,"LW.MAXRAMPPEN_4","lw.MaxRampPen_4","/d/GitHub/WF-TDM-Official-Releases/2_ModelScripts/3_Distribute/block/4pd_mainbody_distribution.block",489
3,3,"LW.MAXRAMPPEN_3","lw.MaxRampPen_3","/d/GitHub/WF-TDM-Official-Releases/2_ModelScripts/3_Distribute/block/4pd_mainbody_distribution.block",475
3,3,"LW.MAXRAMPPEN_2","lw.MaxRampPen_2","/d/GitHub/WF-TDM-Official-Releases/2_ModelScripts/3_Distribute/block/4pd_mainbody_distribution.block",461
3,3,"LW.MAXRAMPPEN_10","lw.MaxRampPen_10","/d/GitHub/WF-TDM-Official-Releases/2_ModelScripts/3_Distribute/block/4pd_mainbody_distribution.block",573
3,3,"LW.MAXRAMPPEN_1","lw.MaxRampPen_1","/d/GitHub/WF-TDM-Official-Releases/2_ModelScripts/3_Distribute/block/4pd_mainbody_distribution.block",447
3,3,"LW.MAXADJFAC_9","lw.MaxAdjFac_9","/d/GitHub/WF-TDM-Official-Releases/2_ModelScripts/3_Distribute/block/4pd_mainbody_distribution.block",558
3,3,"LW.MAXADJFAC_8","lw.MaxAdjFac_8","/d/GitHub/WF-TDM-Official-Releases/2_ModelScripts/3_Distribute/block/4pd_mainbody_distribution.block",544
3,3,"LW.MAXADJFAC_7","lw.MaxAdjFac_7","/d/GitHub/WF-TDM-Official-Releases/2_ModelScripts/3_Distribute/block/4pd_mainbody_distribution.block",530
3,3,"LW.MAXADJFAC_6","lw.MaxAdjFac_6","/d/GitHub/WF-TDM-Official-Releases/2_ModelScripts/3_Distribute/block/4pd_mainbody_distribution.block",516
3,3,"LW.MAXADJFAC_5","lw.MaxAdjFac_5","/d/GitHub/WF-TDM-Official-Releases/2_ModelScripts/3_Distribute/block/4pd_mainbody_distribution.block",502
3,3,"LW.MAXADJFAC_4","lw.MaxAdjFac_4","/d/GitHub/WF-TDM-Official-Releases/2_ModelScripts/3_Distribute/block/4pd_mainbody_distribution.block",488
3,3,"LW.MAXADJFAC_3","lw.MaxAdjFac_3","/d/GitHub/WF-TDM-Official-Releases/2_ModelScripts/3_Distribute/block/4pd_mainbody_distribution.block",474
3,3,"LW.MAXADJFAC_2","lw.MaxAdjFac_2","/d/GitHub/WF-TDM-Official-Releases/2_ModelScripts/3_Distribute/block/4pd_mainbody_distribution.block",460
3,3,"LW.MAXADJFAC_10","lw.MaxAdjFac_10","/d/GitHub/WF-TDM-Official-Releases/2_ModelScripts/3_Distribute/block/4pd_mainbody_distribution.block",572
3,3,"LW.MAXADJFAC_1","lw.MaxAdjFac_1","/d/GitHub/WF-TDM-Official-Releases/2_ModelScripts/3_Distribute/block/4pd_mainbody_distribution.block",446
3,3,"LW.LINKNO_RMP_9","lw.LinkNo_Rmp_9","/d/GitHub/WF-TDM-Official-Releases/2_ModelScripts/3_Distribute/block/4pd_mainbody_distribution.block",557
3,3,"LW.LINKNO_RMP_8","lw.LinkNo_Rmp_8","/d/GitHub/WF-TDM-Official-Releases/2_ModelScripts/3_Distribute/block/4pd_mainbody_distribution.block",543
3,3,"LW.LINKNO_RMP_7","lw.LinkNo_Rmp_7","/d/GitHub/WF-TDM-Official-Releases/2_ModelScripts/3_Distribute/block/4pd_mainbody_distribution.block",529
3,3,"LW.LINKNO_RMP_6","lw.LinkNo_Rmp_6","/d/GitHub/WF-TDM-Official-Releases/2_ModelScripts/3_Distribute/block/4pd_mainbody_distribution.block",515
3,3,"LW.LINKNO_RMP_5","lw.LinkNo_Rmp_5","/d/GitHub/WF-TDM-Official-Releases/2_ModelScripts/3_Distribute/block/4pd_mainbody_distribution.block",501
3,3,"LW.LINKNO_RMP_4","lw.LinkNo_Rmp_4","/d/GitHub/WF-TDM-Official-Releases/2_ModelScripts/3_Distribute/block/4pd_mainbody_distribution.block",487
3,3,"LW.LINKNO_RMP_3","lw.LinkNo_Rmp_3","/d/GitHub/WF-TDM-Official-Releases/2_ModelScripts/3_Distribute/block/4pd_mainbody_distribution.block",473
3,3,"LW.LINKNO_RMP_2","lw.LinkNo_Rmp_2","/d/GitHub/WF-TDM-Official-Releases/2_ModelScripts/3_Distribute/block/4pd_mainbody_distribution.block",459
3,3,"LW.LINKNO_RMP_10","lw.LinkNo_Rmp_10","/d/GitHub/WF-TDM-Official-Releases/2_ModelScripts/3_Distribute/block/4pd_mainbody_distribution.block",571
3,3,"LW.LINKNO_RMP_1","lw.LinkNo_Rmp_1","/d/GitHub/WF-TDM-Official-Releases/2_ModelScripts/3_Distribute/block/4pd_mainbody_distribution.block",445
3,3,"LW.LINKNO_9","lw.LinkNo_9","/d/GitHub/WF-TDM-Official-Releases/2_ModelScripts/3_Distribute/block/4pd_mainbody_distribution.block",553
3,3,"LW.LINKNO_8","lw.LinkNo_8","/d/GitHub/WF-TDM-Official-Releases/2_ModelScripts/3_Distribute/block/4pd_mainbody_distribution.block",539
3,3,"LW.LINKNO_7","lw.LinkNo_7","/d/GitHub/WF-TDM-Official-Releases/2_ModelScripts/3_Distribute/block/4pd_mainbody_distribution.block",525
3,3,"LW.LINKNO_6","lw.LinkNo_6","/d/GitHub/WF-TDM-Official-Releases/2_ModelScripts/3_Distribute/block/4pd_mainbody_distribution.block",511
3,3,"LW.LINKNO_5","lw.LinkNo_5","/d/GitHub/WF-TDM-Official-Releases/2_ModelScripts/3_Distribute/block/4pd_mainbody_distribution.block",497
3,3,"LW.LINKNO_4","lw.LinkNo_4","/d/GitHub/WF-TDM-Official-Releases/2_ModelScripts/3_Distribute/block/4pd_mainbody_distribution.block",483
3,3,"LW.LINKNO_3","lw.LinkNo_3","/d/GitHub/WF-TDM-Official-Releases/2_ModelScripts/3_Distribute/block/4pd_mainbody_distribution.block",469
3,3,"LW.LINKNO_2","lw.LinkNo_2","/d/GitHub/WF-TDM-Official-Releases/2_ModelScripts/3_Distribute/block/4pd_mainbody_distribution.block",455
3,3,"LW.LINKNO_10","lw.LinkNo_10","/d/GitHub/WF-TDM-Official-Releases/2_ModelScripts/3_Distribute/block/4pd_mainbody_distribution.block",567
3,3,"LW.LINKNO_1","lw.LinkNo_1","/d/GitHub/WF-TDM-Official-Releases/2_ModelScripts/3_Distribute/block/4pd_mainbody_distribution.block",441
3,3,"LW.GP_9","lw.GP_9","/d/GitHub/WF-TDM-Official-Releases/2_ModelScripts/3_Distribute/block/4pd_mainbody_distribution.block",435
3,3,"LW.GP_8","lw.GP_8","/d/GitHub/WF-TDM-Official-Releases/2_ModelScripts/3_Distribute/block/4pd_mainbody_distribution.block",434
3,3,"LW.GP_7","lw.GP_7","/d/GitHub/WF-TDM-Official-Releases/2_ModelScripts/3_Distribute/block/4pd_mainbody_distribution.block",433
3,3,"LW.GP_6","lw.GP_6","/d/GitHub/WF-TDM-Official-Releases/2_ModelScripts/3_Distribute/block/4pd_mainbody_distribution.block",432
3,3,"LW.GP_5","lw.GP_5","/d/GitHub/WF-TDM-Official-Releases/2_ModelScripts/3_Distribute/block/4pd_mainbody_distribution.block",431
3,3,"LW.GP_4","lw.GP_4","/d/GitHub/WF-TDM-Official-Releases/2_ModelScripts/3_Distribute/block/4pd_mainbody_distribution.block",430
3,3,"LW.GP_3","lw.GP_3","/d/GitHub/WF-TDM-Official-Releases/2_ModelScripts/3_Distribute/block/4pd_mainbody_distribution.block",429
3,3,"LW.GP_2","lw.GP_2","/d/GitHub/WF-TDM-Official-Releases/2_ModelScripts/3_Distribute/block/4pd_mainbody_distribution.block",428
3,3,"LW.GP_10","lw.GP_10","/d/GitHub/WF-TDM-Official-Releases/2_ModelScripts/3_Distribute/block/4pd_mainbody_distribution.block",436
3,3,"LW.GP_1","lw.GP_1","/d/GitHub/WF-TDM-Official-Releases/2_ModelScripts/3_Distribute/block/4pd_mainbody_distribution.block",427
3,3,"LW.ADDHOVCAP_PM","lw.AddHOVCap_PM","/d/GitHub/WF-TDM-Official-Releases/2_ModelScripts/3_Distribute/block/4pd_mainbody_distribution.block",74
3,3,"LW.ADDHOVCAP_MD","lw.AddHOVCap_MD","/d/GitHub/WF-TDM-Official-Releases/2_ModelScripts/3_Distribute/block/4pd_mainbody_distribution.block",73
3,3,"LW.ADDHOVCAP_EV","lw.AddHOVCap_EV","/d/GitHub/WF-TDM-Official-Releases/2_ModelScripts/3_Distribute/block/4pd_mainbody_distribution.block",75
3,3,"LW.ADDHOVCAP_AM","lw.AddHOVCap_AM","/d/GitHub/WF-TDM-Official-Releases/2_ModelScripts/3_Distribute/block/4pd_mainbody_distribution.block",72
3,3,"GAP","GAP","/d/GitHub/WF-TDM-Official-Releases/2_ModelScripts/3_Distribute/block/4pd_mainbody_distribution.block",18
3,3,"COST","COST","/d/GitHub/WF-TDM-Official-Releases/2_ModelScripts/3_Distribute/block/4pd_mainbody_distribution.block",888
3,3,"CAPARRAY[LINKNO]","CapArray[LINKNO]","/d/GitHub/WF-TDM-Official-Releases/2_ModelScripts/3_Distribute/block/4pd_mainbody_distribution.block",224
3,3,"AAD","AAD","/d/GitHub/WF-TDM-Official-Releases/2_ModelScripts/3_Distribute/block/4pd_mainbody_distribution.block",16
3,3,"_PRINT_RAMPPEN_HEAD_@PRDTAG@","_print_RampPen_Head_@PrdTag@","/d/GitHub/WF-TDM-Official-Releases/2_ModelScripts/3_Distribute/block/4pd_mainbody_distribution.block",1015
3,3,"_PRINT_CONV_HEAD_@PRDTAG@","_print_Conv_Head_@PrdTag@","/d/GitHub/WF-TDM-Official-Releases/2_ModelScripts/3_Distribute/block/4pd_mainbody_distribution.block",1130
3,3,"_INCRAMENT","_incrament","/d/GitHub/WF-TDM-Official-Releases/2_ModelScripts/3_Distribute/2_EstimateHOTspeedtoll.s",201
3,23,"B","B","/d/GitHub/WF-TDM-Official-Releases/1_Inputs/3_Highway/_Network Processing Tools/Update & Export Merged Master Net/_Update & Export MergedMasterNet.s",329
3,23,"A","A","/d/GitHub/WF-TDM-Official-Releases/1_Inputs/3_Highway/_Network Processing Tools/Update & Export Merged Master Net/_Update & Export MergedMasterNet.s",328
3,20,"STOP_NODE","Stop_Node","/d/GitHub/WF-TDM-Official-Releases/2_ModelScripts/0_InputProcessing/c_NetworkProcessing/4_Create_walk_xfer_access_links.s",322
3,19,"_BNODE","_BNode","/d/GitHub/WF-TDM-Official-Releases/1_Inputs/3_Highway/_Network Processing Tools/Update & Export Merged Master Net/_Update & Export MergedMasterNet.s",367
3,19,"_ANODE","_ANode","/d/GitHub/WF-TDM-Official-Releases/1_Inputs/3_Highway/_Network Processing Tools/Update & Export Merged Master Net/_Update & Export MergedMasterNet.s",366
3,17,"RO.N","RO.N","/d/GitHub/WF-TDM-Official-Releases/2_ModelScripts/0_InputProcessing/c_NetworkProcessing/1_NetProcessor.s",1184
3,15,"T1","T1","/d/GitHub/WF-TDM-Official-Releases/2_ModelScripts/3_Distribute/block/4pd_mainbody_distribution.block",89
3,15,"C","C","/d/GitHub/WF-TDM-Official-Releases/2_ModelScripts/3_Distribute/block/4pd_mainbody_distribution.block",91
3,14,"LW.TPEN","lw.TPen","/d/GitHub/WF-TDM-Official-Releases/2_ModelScripts/3_Distribute/block/4pd_mainbody_distribution.block",181
3,13,"MATI[1]","MATI[1]","/d/GitHub/WF-TDM-Official-Releases/2_ModelScripts/3_Distribute/1_Distribution.s",4466
3,12,"MAXMW","maxmw","/d/GitHub/WF-TDM-Official-Releases/2_ModelScripts/4_ModeChoice/06_HBW_logsums.s",24
3,11,"TURNPENI","TURNPENI","/d/GitHub/WF-TDM-Official-Releases/2_ModelScripts/3_Distribute/1_Distribution.s",471
3,11,"PURP","purp","/d/GitHub/WF-TDM-Official-Releases/2_ModelScripts/4_ModeChoice/06_HBW_logsums.s",14
2,9,"WHATPERIOD","whatperiod","/d/GitHub/WF-TDM-Official-Releases/2_ModelScripts/3_Distribute/1_Distribution.s",4486
2,9,"PURPOSE","purpose","/d/GitHub/WF-TDM-Official-Releases/2_ModelScripts/4_ModeChoice/06_HBW_logsums.s",19
2,9,"PRDTAG","PrdTag","/d/GitHub/WF-TDM-Official-Releases/2_ModelScripts/3_Distribute/1_Distribution.s",4453
2,9,"PERIOD","period","/d/GitHub/WF-TDM-Official-Releases/2_ModelScripts/4_ModeChoice/06_HBW_logsums.s",20
2,9,"MW[500]","mw[500]","/d/GitHub/WF-TDM-Official-Releases/2_ModelScripts/3_Distribute/1_Distribution.s",1433
2,9,"LOOKUPI[3]","LOOKUPI[3]","/d/GitHub/WF-TDM-Official-Releases/2_ModelScripts/3_Distribute/1_Distribution.s",4470
2,9,"LOOKUPI[2]","LOOKUPI[2]","/d/GitHub/WF-TDM-Official-Releases/2_ModelScripts/3_Distribute/1_Distribution.s",4469
2,9,"HDWAYPERIOD","HDWAYPERIOD","/d/GitHub/WF-TDM-Official-Releases/2_ModelScripts/0_InputProcessing/c_NetworkProcessing/5_WalkTransitSkim_Emp30MinTransit.s",46
2,8,"XYDIST","xydist","/d/GitHub/WF-TDM-Official-Releases/2_ModelScripts/0_InputProcessing/c_NetworkProcessing/4_Create_walk_xfer_access_links.s",1131
2,8,"TAZ_Y","TAZ_Y","/d/GitHub/WF-TDM-Official-Releases/2_ModelScripts/0_InputProcessing/c_NetworkProcessing/4_Create_walk_xfer_access_links.s",1103
2,8,"TAZ_X","TAZ_X","/d/GitHub/WF-TDM-Official-Releases/2_ModelScripts/0_InputProcessing/c_NetworkProcessing/4_Create_walk_xfer_access_links.s",1102
2,8,"STOPS_MODE7[CNT_MODE7]","STOPS_Mode7[cnt_Mode7]","/d/GitHub/WF-TDM-Official-Releases/2_ModelScripts/0_InputProcessing/c_NetworkProcessing/4_Create_walk_xfer_access_links.s",607
2,8,"STOPS_MODE4[CNT_MODE4]","STOPS_MODE4[cnt_Mode4]","/d/GitHub/WF-TDM-Official-Releases/2_ModelScripts/0_InputProcessing/c_NetworkProcessing/4_Create_walk_xfer_access_links.s",328
2,8,"MAG_NODE","MAG_Node","/d/GitHub/WF-TDM-Official-Releases/1_Inputs/3_Highway/_Network Processing Tools/Merge MAG-WFRC/__Merge_MAG_WFRCnets.s",27
2,8,"CNT_MODE7","cnt_Mode7","/d/GitHub/WF-TDM-Official-Releases/2_ModelScripts/0_InputProcessing/c_NetworkProcessing/4_Create_walk_xfer_access_links.s",606
2,8,"CNT_MODE4","cnt_Mode4","/d/GitHub/WF-TDM-Official-Releases/2_ModelScripts/0_InputProcessing/c_NetworkProcessing/4_Create_walk_xfer_access_links.s",327
2,7,"RO.SUMHH","RO.SumHH","/d/GitHub/WF-TDM-Official-Releases/2_ModelScripts/1_HHDisag_AutoOwn/2_HHDisaggregation.s",433
2,7,"RO.HHSIZE","RO.HHSIZE","/d/GitHub/WF-TDM-Official-Releases/2_ModelScripts/0_InputProcessing/b_SEProcessing/1_DemographicsAnalysis.s",283
2,6,"U_WALK","U_walk","/d/GitHub/WF-TDM-Official-Releases/2_ModelScripts/4_ModeChoice/block/HBW_HBO_calculate_utilities.block",878
2,6,"U_BIKE","U_bike","/d/GitHub/WF-TDM-Official-Releases/2_ModelScripts/4_ModeChoice/block/HBW_HBO_calculate_utilities.block",886
2,6,"TRIPS_TRANSIT","trips_transit","/d/GitHub/WF-TDM-Official-Releases/2_ModelScripts/4_ModeChoice/block/HBW_HBO_calculate_trips.block",88
2,6,"TOLLCOST","tollcost","/d/GitHub/WF-TDM-Official-Releases/2_ModelScripts/4_ModeChoice/block/HBW_HBO_calculate_utilities.block",571
2,6,"TAZ_CNT","TAZ_Cnt","/d/GitHub/WF-TDM-Official-Releases/2_ModelScripts/0_InputProcessing/a_Setup/1_InputSetup.s",269
2,6,"PROB_WALK","prob_walk","/d/GitHub/WF-TDM-Official-Releases/2_ModelScripts/4_ModeChoice/block/HBW_HBO_calculate_utilities.block",892
2,6,"PROB_BIKE","prob_bike","/d/GitHub/WF-TDM-Official-Releases/2_ModelScripts/4_ModeChoice/block/HBW_HBO_calculate_utilities.block",893
2,6,"MW[83]","mw[83]","/d/GitHub/WF-TDM-Official-Releases/2_ModelScripts/4_ModeChoice/18_SumToDistricts_FinalTripTables.s",389
2,6,"MW[82]","mw[82]","/d/GitHub/WF-TDM-Official-Releases/2_ModelScripts/4_ModeChoice/18_SumToDistricts_FinalTripTables.s",388
2,6,"MW[81]","mw[81]","/d/GitHub/WF-TDM-Official-Releases/2_ModelScripts/4_ModeChoice/18_SumToDistricts_FinalTripTables.s",387
2,6,"MW[73]","mw[73]","/d/GitHub/WF-TDM-Official-Releases/2_ModelScripts/4_ModeChoice/18_SumToDistricts_FinalTripTables.s",379
2,6,"MW[72]","mw[72]","/d/GitHub/WF-TDM-Official-Releases/2_ModelScripts/4_ModeChoice/18_SumToDistricts_FinalTripTables.s",378
2,6,"MW[71]","mw[71]","/d/GitHub/WF-TDM-Official-Releases/2_ModelScripts/4_ModeChoice/18_SumToDistricts_FinalTripTables.s",377
2,6,"MW[63]","mw[63]","/d/GitHub/WF-TDM-Official-Releases/2_ModelScripts/4_ModeChoice/18_SumToDistricts_FinalTripTables.s",368
2,6,"MW[62]","mw[62]","/d/GitHub/WF-TDM-Official-Releases/2_ModelScripts/4_ModeChoice/18_SumToDistricts_FinalTripTables.s",367
2,6,"MW[61]","mw[61]","/d/GitHub/WF-TDM-Official-Releases/2_ModelScripts/4_ModeChoice/18_SumToDistricts_FinalTripTables.s",366
2,6,"MW[60]","mw[60]","/d/GitHub/WF-TDM-Official-Releases/2_ModelScripts/4_ModeChoice/18_SumToDistricts_FinalTripTables.s",365
2,6,"MW[59]","mw[59]","/d/GitHub/WF-TDM-Official-Releases/2_ModelScripts/4_ModeChoice/18_SumToDistricts_FinalTripTables.s",364
2,6,"MW[58]","mw[58]","/d/GitHub/WF-TDM-Official-Releases/2_ModelScripts/4_ModeChoice/18_SumToDistricts_FinalTripTables.s",363
2,6,"MW[57]","mw[57]","/d/GitHub/WF-TDM-Official-Releases/2_ModelScripts/4_ModeChoice/18_SumToDistricts_FinalTripTables.s",362
2,6,"MW[56]","mw[56]","/d/GitHub/WF-TDM-Official-Releases/2_ModelScripts/4_ModeChoice/18_SumToDistricts_FinalTripTables.s",361
2,6,"MW[55]","mw[55]","/d/GitHub/WF-TDM-Official-Releases/2_ModelScripts/4_ModeChoice/18_SumToDistricts_FinalTripTables.s",360
2,6,"MW[54]","mw[54]","/d/GitHub/WF-TDM-Official-Releases/2_ModelScripts/4_ModeChoice/18_SumToDistricts_FinalTripTables.s",359
2,6,"MW[39]","mw[39]","/d/GitHub/WF-TDM-Official-Releases/2_ModelScripts/4_ModeChoice/18_SumToDistricts_FinalTripTables.s",343
2,6,"METRIC","Metric","/d/GitHub/WF-TDM-Official-Releases/2_ModelScripts/5_AssignHwy/09_TAZ_Based_Metrics.s",137
2,6,"LOGSUM_NONMOTOR","logsum_nonmotor","/d/GitHub/WF-TDM-Official-Releases/2_ModelScripts/4_ModeChoice/block/HBW_HBO_calculate_utilities.block",896
2,6,"EU_WALK","EU_walk","/d/GitHub/WF-TDM-Official-Releases/2_ModelScripts/4_ModeChoice/block/HBW_HBO_calculate_utilities.block",882
2,6,"EU_BIKE","EU_bike","/d/GitHub/WF-TDM-Official-Releases/2_ModelScripts/4_ModeChoice/block/HBW_HBO_calculate_utilities.block",889
2,6,"COUNTER","counter","/d/GitHub/WF-TDM-Official-Releases/2_ModelScripts/0_InputProcessing/c_NetworkProcessing/1_NetProcessor.s",1505
2,6,"_ADD_TOLL","_add_Toll","/d/GitHub/WF-TDM-Official-Releases/2_ModelScripts/5_AssignHwy/block/4pd_mainbody_managedlanes.block",399
2,54,"PRINTSTOP","PrintStop","/d/GitHub/WF-TDM-Official-Releases/2_ModelScripts/0_InputProcessing/c_NetworkProcessing/4_Create_walk_xfer_access_links.s",326
2,5,"RO.HHPOP","RO.HHPOP","/d/GitHub/WF-TDM-Official-Releases/2_ModelScripts/0_InputProcessing/b_SEProcessing/1_DemographicsAnalysis.s",282
2,5,"RO.AVGINCOME","RO.AVGINCOME","/d/GitHub/WF-TDM-Official-Releases/2_ModelScripts/0_InputProcessing/b_SEProcessing/1_DemographicsAnalysis.s",297
2,5,"REMD_PRDFAC","reMD_PRDFAC","/d/GitHub/WF-TDM-Official-Releases/2_ModelScripts/3_Distribute/5_SegmentSummary_Dist.s",1677
2,5,"REEV_PRDFAC","reEV_PRDFAC","/d/GitHub/WF-TDM-Official-Releases/2_ModelScripts/3_Distribute/5_SegmentSummary_Dist.s",1678
2,5,"REAM_PRDFAC","reAM_PRDFAC","/d/GitHub/WF-TDM-Official-Releases/2_ModelScripts/3_Distribute/5_SegmentSummary_Dist.s",1676
2,5,"MAXRMSE","MAXRMSE","/d/GitHub/WF-TDM-Official-Releases/2_ModelScripts/0_InputProcessing/d_TripTable/2_External_TripTable.s",607
2,5,"HOT_ZONEID","HOT_ZONEID","/d/GitHub/WF-TDM-Official-Releases/2_ModelScripts/0_InputProcessing/c_NetworkProcessing/1_NetProcessor.s",56
2,4,"VALUE_SUBAREAID","Value_SUBAREAID","/d/GitHub/WF-TDM-Official-Releases/2_ModelScripts/3_Distribute/5_SegmentSummary_Dist.s",353
2,4,"VALUE_CO_FIPS","Value_CO_FIPS","/d/GitHub/WF-TDM-Official-Releases/2_ModelScripts/3_Distribute/5_SegmentSummary_Dist.s",355
2,4,"VALUE_AREATYPE","Value_AREATYPE","/d/GitHub/WF-TDM-Official-Releases/2_ModelScripts/3_Distribute/5_SegmentSummary_Dist.s",354
2,4,"U_WLRT","U_wLRT","/d/GitHub/WF-TDM-Official-Releases/2_ModelScripts/4_ModeChoice/block/HBW_HBO_calculate_utilities.block",238
2,4,"U_WLCL","U_wLCL","/d/GitHub/WF-TDM-Official-Releases/2_ModelScripts/4_ModeChoice/block/HBW_HBO_calculate_utilities.block",35
2,4,"U_WEXP","U_wEXP","/d/GitHub/WF-TDM-Official-Releases/2_ModelScripts/4_ModeChoice/block/HBW_HBO_calculate_utilities.block",185
2,4,"U_WCRT","U_wCRT","/d/GitHub/WF-TDM-Official-Releases/2_ModelScripts/4_ModeChoice/block/HBW_HBO_calculate_utilities.block",289
2,4,"U_WCOR","U_wCOR","/d/GitHub/WF-TDM-Official-Releases/2_ModelScripts/4_ModeChoice/block/HBW_HBO_calculate_utilities.block",87
2,4,"U_WBRT","U_wBRT","/d/GitHub/WF-TDM-Official-Releases/2_ModelScripts/4_ModeChoice/block/HBW_HBO_calculate_utilities.block",135
2,4,"U_WALKACC","U_walkacc","/d/GitHub/WF-TDM-Official-Releases/2_ModelScripts/4_ModeChoice/block/HBW_HBO_calculate_utilities.block",409
2,4,"U_TRANSIT","U_transit","/d/GitHub/WF-TDM-Official-Releases/2_ModelScripts/4_ModeChoice/block/HBW_HBO_calculate_utilities.block",824
2,4,"U_SR3TH","U_sr3th","/d/GitHub/WF-TDM-Official-Releases/2_ModelScripts/4_ModeChoice/block/HBW_HBO_calculate_utilities.block",632
2,4,"U_SR3NN","U_sr3nn","/d/GitHub/WF-TDM-Official-Releases/2_ModelScripts/4_ModeChoice/block/HBW_HBO_calculate_utilities.block",498
2,4,"U_SR3NH","U_sr3nh","/d/GitHub/WF-TDM-Official-Releases/2_ModelScripts/4_ModeChoice/block/HBW_HBO_calculate_utilities.block",597
2,4,"U_SR3","U_sr3","/d/GitHub/WF-TDM-Official-Releases/2_ModelScripts/4_ModeChoice/block/HBW_HBO_calculate_utilities.block",675
2,4,"U_SR2TH","U_sr2th","/d/GitHub/WF-TDM-Official-Releases/2_ModelScripts/4_ModeChoice/block/HBW_HBO_calculate_utilities.block",573
2,4,"U_SR2NN","U_sr2nn","/d/GitHub/WF-TDM-Official-Releases/2_ModelScripts/4_ModeChoice/block/HBW_HBO_calculate_utilities.block",488
2,4,"U_SR2NH","U_sr2nh","/d/GitHub/WF-TDM-Official-Releases/2_ModelScripts/4_ModeChoice/block/HBW_HBO_calculate_utilities.block",538
2,4,"U_SR2","U_sr2","/d/GitHub/WF-TDM-Official-Releases/2_ModelScripts/4_ModeChoice/block/HBW_HBO_calculate_utilities.block",657
2,4,"U_SHARED","U_shared","/d/GitHub/WF-TDM-Official-Releases/2_ModelScripts/4_ModeChoice/block/HBW_HBO_calculate_utilities.block",692
2,4,"U_NONMOTOR","U_nonmotor","/d/GitHub/WF-TDM-Official-Releases/2_ModelScripts/4_ModeChoice/block/HBW_HBO_calculate_utilities.block",943
2,4,"U_MOTOR","U_motor","/d/GitHub/WF-TDM-Official-Releases/2_ModelScripts/4_ModeChoice/block/HBW_HBO_calculate_utilities.block",957
2,4,"U_DRIVEACC","U_driveacc","/d/GitHub/WF-TDM-Official-Releases/2_ModelScripts/4_ModeChoice/block/HBW_HBO_calculate_utilities.block",429
2,4,"U_DLRT","U_dLRT","/d/GitHub/WF-TDM-Official-Releases/2_ModelScripts/4_ModeChoice/block/HBW_HBO_calculate_utilities.block",261
2,4,"U_DLCL","U_dLCL","/d/GitHub/WF-TDM-Official-Releases/2_ModelScripts/4_ModeChoice/block/HBW_HBO_calculate_utilities.block",60
2,4,"U_DEXP","U_dEXP","/d/GitHub/WF-TDM-Official-Releases/2_ModelScripts/4_ModeChoice/block/HBW_HBO_calculate_utilities.block",209
2,4,"U_DCRT","U_dCRT","/d/GitHub/WF-TDM-Official-Releases/2_ModelScripts/4_ModeChoice/block/HBW_HBO_calculate_utilities.block",313
2,4,"U_DCOR","U_dCOR","/d/GitHub/WF-TDM-Official-Releases/2_ModelScripts/4_ModeChoice/block/HBW_HBO_calculate_utilities.block",109
2,4,"U_DBRT","U_dBRT","/d/GitHub/WF-TDM-Official-Releases/2_ModelScripts/4_ModeChoice/block/HBW_HBO_calculate_utilities.block",158
2,4,"U_AUTO","U_auto","/d/GitHub/WF-TDM-Official-Releases/2_ModelScripts/4_ModeChoice/block/HBW_HBO_calculate_utilities.block",838
2,4,"U_ALONET","U_alonet","/d/GitHub/WF-TDM-Official-Releases/2_ModelScripts/4_ModeChoice/block/HBW_HBO_calculate_utilities.block",715
2,4,"U_ALONEN","U_alonen","/d/GitHub/WF-TDM-Official-Releases/2_ModelScripts/4_ModeChoice/block/HBW_HBO_calculate_utilities.block",713
2,4,"U_ALONE","U_alone","/d/GitHub/WF-TDM-Official-Releases/2_ModelScripts/4_ModeChoice/block/HBW_HBO_calculate_utilities.block",773
2,4,"TRIPS_WALKACC","trips_walkacc","/d/GitHub/WF-TDM-Official-Releases/2_ModelScripts/4_ModeChoice/block/HBW_HBO_calculate_trips.block",389
2,4,"TRIPS_SR3TH","trips_sr3th","/d/GitHub/WF-TDM-Official-Releases/2_ModelScripts/4_ModeChoice/block/HBW_HBO_calculate_trips.block",376
2,4,"TRIPS_SR3NN","trips_sr3nn","/d/GitHub/WF-TDM-Official-Releases/2_ModelScripts/4_ModeChoice/block/HBW_HBO_calculate_trips.block",368
2,4,"TRIPS_SR3NH","trips_sr3nh","/d/GitHub/WF-TDM-Official-Releases/2_ModelScripts/4_ModeChoice/block/HBW_HBO_calculate_trips.block",372
2,4,"TRIPS_SR3","trips_sr3","/d/GitHub/WF-TDM-Official-Releases/2_ModelScripts/4_ModeChoice/block/HBW_HBO_calculate_trips.block",364
2,4,"TRIPS_SR2TH","trips_sr2th","/d/GitHub/WF-TDM-Official-Releases/2_ModelScripts/4_ModeChoice/block/HBW_HBO_calculate_trips.block",354
2,4,"TRIPS_SR2NN","trips_sr2nn","/d/GitHub/WF-TDM-Official-Releases/2_ModelScripts/4_ModeChoice/block/HBW_HBO_calculate_trips.block",346
2,4,"TRIPS_SR2NH","trips_sr2nh","/d/GitHub/WF-TDM-Official-Releases/2_ModelScripts/4_ModeChoice/block/HBW_HBO_calculate_trips.block",350
2,4,"TRIPS_SR2","trips_sr2","/d/GitHub/WF-TDM-Official-Releases/2_ModelScripts/4_ModeChoice/block/HBW_HBO_calculate_trips.block",342
2,4,"TRIPS_SHARED","trips_shared","/d/GitHub/WF-TDM-Official-Releases/2_ModelScripts/4_ModeChoice/block/HBW_HBO_calculate_trips.block",338
2,4,"TRIPS_LRT","trips_LRT","/d/GitHub/WF-TDM-Official-Releases/2_ModelScripts/4_ModeChoice/block/HBW_HBO_calculate_trips.block",414
2,4,"TRIPS_LCL","trips_LCL","/d/GitHub/WF-TDM-Official-Releases/2_ModelScripts/4_ModeChoice/block/HBW_HBO_calculate_trips.block",398
2,4,"TRIPS_EXP","trips_EXP","/d/GitHub/WF-TDM-Official-Releases/2_ModelScripts/4_ModeChoice/block/HBW_HBO_calculate_trips.block",410
2,4,"TRIPS_DRIVEACC","trips_driveacc","/d/GitHub/WF-TDM-Official-Releases/2_ModelScripts/4_ModeChoice/block/HBW_HBO_calculate_trips.block",392
2,4,"TRIPS_CRT","trips_CRT","/d/GitHub/WF-TDM-Official-Releases/2_ModelScripts/4_ModeChoice/block/HBW_HBO_calculate_trips.block",418
2,4,"TRIPS_COR","trips_COR","/d/GitHub/WF-TDM-Official-Releases/2_ModelScripts/4_ModeChoice/block/HBW_HBO_calculate_trips.block",402
2,4,"TRIPS_BRT","trips_BRT","/d/GitHub/WF-TDM-Official-Releases/2_ModelScripts/4_ModeChoice/block/HBW_HBO_calculate_trips.block",406
2,4,"TRIPS_AUTO","trips_auto","/d/GitHub/WF-TDM-Official-Releases/2_ModelScripts/4_ModeChoice/block/HBW_HBO_calculate_trips.block",316
2,4,"TRIPS_ALONET","trips_alonet","/d/GitHub/WF-TDM-Official-Releases/2_ModelScripts/4_ModeChoice/block/HBW_HBO_calculate_trips.block",328
2,4,"TRIPS_ALONEN","trips_alonen","/d/GitHub/WF-TDM-Official-Releases/2_ModelScripts/4_ModeChoice/block/HBW_HBO_calculate_trips.block",324
2,4,"TRIPS_ALONE","trips_alone","/d/GitHub/WF-TDM-Official-Releases/2_ModelScripts/4_ModeChoice/block/HBW_HBO_calculate_trips.block",320
2,4,"TRANSPEED","TranSpeed","/d/GitHub/WF-TDM-Official-Releases/2_ModelScripts/4_ModeChoice/05_Skim_Tran.s",97
2,4,"TOTALHH","TotalHH","/d/GitHub/WF-TDM-Official-Releases/2_ModelScripts/1_HHDisag_AutoOwn/2_HHDisaggregation.s",242
2,4,"SGRPY","SGRPY","/d/GitHub/WF-TDM-Official-Releases/2_ModelScripts/5_AssignHwy/02_Assign_AM_MD_PM_EV.s",28
2,4,"SEGID_NAME[SEG_IDX]","SEGID_Name[Seg_Idx]","/d/GitHub/WF-TDM-Official-Releases/2_ModelScripts/3_Distribute/5_SegmentSummary_Dist.s",135
2,4,"SEG_IDX","Seg_Idx","/d/GitHub/WF-TDM-Official-Releases/2_ModelScripts/3_Distribute/5_SegmentSummary_Dist.s",134
2,4,"REPM_SPD","rePM_SPD","/d/GitHub/WF-TDM-Official-Releases/2_ModelScripts/3_Distribute/5_SegmentSummary_Dist.s",1667
2,4,"REMD_SPD","reMD_SPD","/d/GitHub/WF-TDM-Official-Releases/2_ModelScripts/3_Distribute/5_SegmentSummary_Dist.s",1666
2,4,"REEV_SPD","reEV_SPD","/d/GitHub/WF-TDM-Official-Releases/2_ModelScripts/3_Distribute/5_SegmentSummary_Dist.s",1668
2,4,"REDY_SPD","reDY_SPD","/d/GitHub/WF-TDM-Official-Releases/2_ModelScripts/3_Distribute/5_SegmentSummary_Dist.s",1669
2,4,"REAM_SPD","reAM_SPD","/d/GitHub/WF-TDM-Official-Releases/2_ModelScripts/3_Distribute/5_SegmentSummary_Dist.s",1665
2,4,"PROB_WLRT","prob_wLRT","/d/GitHub/WF-TDM-Official-Releases/2_ModelScripts/4_ModeChoice/block/HBW_HBO_calculate_utilities.block",343
2,4,"PROB_WLCL","prob_wLCL","/d/GitHub/WF-TDM-Official-Releases/2_ModelScripts/4_ModeChoice/block/HBW_HBO_calculate_utilities.block",340
2,4,"PROB_WEXP","prob_wEXP","/d/GitHub/WF-TDM-Official-Releases/2_ModelScripts/4_ModeChoice/block/HBW_HBO_calculate_utilities.block",342
2,4,"PROB_WCRT","prob_wCRT","/d/GitHub/WF-TDM-Official-Releases/2_ModelScripts/4_ModeChoice/block/HBW_HBO_calculate_utilities.block",344
2,4,"PROB_WCOR","prob_wCOR","/d/GitHub/WF-TDM-Official-Releases/2_ModelScripts/4_ModeChoice/block/HBW_HBO_calculate_utilities.block",341
2,4,"PROB_WBRT","prob_wBRT","/d/GitHub/WF-TDM-Official-Releases/2_ModelScripts/4_ModeChoice/block/HBW_HBO_calculate_utilities.block",345
2,4,"PROB_SR3TH","prob_sr3th","/d/GitHub/WF-TDM-Official-Releases/2_ModelScripts/4_ModeChoice/block/HBW_HBO_calculate_utilities.block",673
2,4,"PROB_SR3NN","prob_sr3nn","/d/GitHub/WF-TDM-Official-Releases/2_ModelScripts/4_ModeChoice/block/HBW_HBO_calculate_utilities.block",671
2,4,"PROB_SR3NH","prob_sr3nh","/d/GitHub/WF-TDM-Official-Releases/2_ModelScripts/4_ModeChoice/block/HBW_HBO_calculate_utilities.block",672
2,4,"PROB_SR3","prob_sr3","/d/GitHub/WF-TDM-Official-Releases/2_ModelScripts/4_ModeChoice/block/HBW_HBO_calculate_utilities.block",688
2,4,"PROB_SR2TH","prob_sr2th","/d/GitHub/WF-TDM-Official-Releases/2_ModelScripts/4_ModeChoice/block/HBW_HBO_calculate_utilities.block",655
2,4,"PROB_SR2NN","prob_sr2nn","/d/GitHub/WF-TDM-Official-Releases/2_ModelScripts/4_ModeChoice/block/HBW_HBO_calculate_utilities.block",653
2,4,"PROB_SR2NH","prob_sr2nh","/d/GitHub/WF-TDM-Official-Releases/2_ModelScripts/4_ModeChoice/block/HBW_HBO_calculate_utilities.block",654
2,4,"PROB_SR2","prob_sr2","/d/GitHub/WF-TDM-Official-Releases/2_ModelScripts/4_ModeChoice/block/HBW_HBO_calculate_utilities.block",687
2,4,"PROB_SHARED","prob_shared","/d/GitHub/WF-TDM-Official-Releases/2_ModelScripts/4_ModeChoice/block/HBW_HBO_calculate_utilities.block",792
2,4,"PROB_NONMOTOR","prob_nonmotor","/d/GitHub/WF-TDM-Official-Releases/2_ModelScripts/4_ModeChoice/block/HBW_HBO_calculate_utilities.block",969
2,4,"PROB_MOTOR","prob_motor","/d/GitHub/WF-TDM-Official-Releases/2_ModelScripts/4_ModeChoice/block/HBW_HBO_calculate_utilities.block",970
2,4,"PROB_LRT","prob_LRT","/d/GitHub/WF-TDM-Official-Releases/2_ModelScripts/4_ModeChoice/block/HBW_HBO_calculate_trips.block",425
2,4,"PROB_LCL","prob_LCL","/d/GitHub/WF-TDM-Official-Releases/2_ModelScripts/4_ModeChoice/block/HBW_HBO_calculate_trips.block",422
2,4,"PROB_EXP","prob_EXP","/d/GitHub/WF-TDM-Official-Releases/2_ModelScripts/4_ModeChoice/block/HBW_HBO_calculate_trips.block",424
2,4,"PROB_DLRT","prob_dLRT","/d/GitHub/WF-TDM-Official-Releases/2_ModelScripts/4_ModeChoice/block/HBW_HBO_calculate_utilities.block",371
2,4,"PROB_DLCL","prob_dLCL","/d/GitHub/WF-TDM-Official-Releases/2_ModelScripts/4_ModeChoice/block/HBW_HBO_calculate_utilities.block",368
2,4,"PROB_DEXP","prob_dEXP","/d/GitHub/WF-TDM-Official-Releases/2_ModelScripts/4_ModeChoice/block/HBW_HBO_calculate_utilities.block",370
2,4,"PROB_DCRT","prob_dCRT","/d/GitHub/WF-TDM-Official-Releases/2_ModelScripts/4_ModeChoice/block/HBW_HBO_calculate_utilities.block",372
2,4,"PROB_DCOR","prob_dCOR","/d/GitHub/WF-TDM-Official-Releases/2_ModelScripts/4_ModeChoice/block/HBW_HBO_calculate_utilities.block",369
2,4,"PROB_DBRT","prob_dBRT","/d/GitHub/WF-TDM-Official-Releases/2_ModelScripts/4_ModeChoice/block/HBW_HBO_calculate_utilities.block",373
2,4,"PROB_CRT","prob_CRT","/d/GitHub/WF-TDM-Official-Releases/2_ModelScripts/4_ModeChoice/block/HBW_HBO_calculate_trips.block",426
2,4,"PROB_COR","prob_COR","/d/GitHub/WF-TDM-Official-Releases/2_ModelScripts/4_ModeChoice/block/HBW_HBO_calculate_trips.block",423
2,4,"PROB_BRT","prob_BRT","/d/GitHub/WF-TDM-Official-Releases/2_ModelScripts/4_ModeChoice/block/HBW_HBO_calculate_trips.block",427
2,4,"PROB_ALONET","prob_alonet","/d/GitHub/WF-TDM-Official-Releases/2_ModelScripts/4_ModeChoice/block/HBW_HBO_calculate_utilities.block",771
2,4,"PROB_ALONEN","prob_alonen","/d/GitHub/WF-TDM-Official-Releases/2_ModelScripts/4_ModeChoice/block/HBW_HBO_calculate_utilities.block",770
2,4,"PROB_ALONE","prob_alone","/d/GitHub/WF-TDM-Official-Releases/2_ModelScripts/4_ModeChoice/block/HBW_HBO_calculate_utilities.block",795
2,4,"PM1Y","PM1Y","/d/GitHub/WF-TDM-Official-Releases/2_ModelScripts/5_AssignHwy/04_SummarizeLoadedNetworks.s",23
2,4,"PERC_LOW_INC_2","perc_low_inc_2","/d/GitHub/WF-TDM-Official-Releases/2_ModelScripts/4_ModeChoice/06_HBW_logsums.s",168
2,4,"PERC_LOW_INC_1","perc_low_inc_1","/d/GitHub/WF-TDM-Official-Releases/2_ModelScripts/4_ModeChoice/06_HBW_logsums.s",160
2,4,"PERC_LOW_INC_0","perc_low_inc_0","/d/GitHub/WF-TDM-Official-Releases/2_ModelScripts/4_ModeChoice/06_HBW_logsums.s",152
2,4,"PERC_HIGH_INC_2","perc_high_inc_2","/d/GitHub/WF-TDM-Official-Releases/2_ModelScripts/4_ModeChoice/06_HBW_logsums.s",169
2,4,"PERC_HIGH_INC_1","perc_high_inc_1","/d/GitHub/WF-TDM-Official-Releases/2_ModelScripts/4_ModeChoice/06_HBW_logsums.s",161
2,4,"PERC_HIGH_INC_0","perc_high_inc_0","/d/GitHub/WF-TDM-Official-Releases/2_ModelScripts/4_ModeChoice/06_HBW_logsums.s",153
2,4,"OUT_DISTMED","out_DistMed","/d/GitHub/WF-TDM-Official-Releases/2_ModelScripts/3_Distribute/3_SumToDistricts_GRAVITY.s",54
2,4,"OUT_DISTLRG","out_DistLrg","/d/GitHub/WF-TDM-Official-Releases/2_ModelScripts/3_Distribute/3_SumToDistricts_GRAVITY.s",45
2,4,"MW[923]","mw[923]","/d/GitHub/WF-TDM-Official-Releases/2_ModelScripts/4_ModeChoice/16_SharesReport.s",4449
2,4,"MW[922]","mw[922]","/d/GitHub/WF-TDM-Official-Releases/2_ModelScripts/4_ModeChoice/16_SharesReport.s",4448
2,4,"MW[921]","mw[921]","/d/GitHub/WF-TDM-Official-Releases/2_ModelScripts/4_ModeChoice/16_SharesReport.s",4447
2,4,"MW[913]","mw[913]","/d/GitHub/WF-TDM-Official-Releases/2_ModelScripts/4_ModeChoice/16_SharesReport.s",4442
2,4,"MW[902]","mw[902]","/d/GitHub/WF-TDM-Official-Releases/2_ModelScripts/3_Distribute/1_Distribution.s",4107
2,4,"MW[901]","mw[901]","/d/GitHub/WF-TDM-Official-Releases/2_ModelScripts/3_Distribute/1_Distribution.s",4106
2,4,"MW[715]","mw[715]","/d/GitHub/WF-TDM-Official-Releases/2_ModelScripts/4_ModeChoice/16_SharesReport.s",4519
2,4,"MW[714]","mw[714]","/d/GitHub/WF-TDM-Official-Releases/2_ModelScripts/4_ModeChoice/16_SharesReport.s",4518
2,4,"MW[713]","mw[713]","/d/GitHub/WF-TDM-Official-Releases/2_ModelScripts/4_ModeChoice/16_SharesReport.s",4517
2,4,"MW[712]","mw[712]","/d/GitHub/WF-TDM-Official-Releases/2_ModelScripts/4_ModeChoice/16_SharesReport.s",4516
2,4,"MW[711]","mw[711]","/d/GitHub/WF-TDM-Official-Releases/2_ModelScripts/4_ModeChoice/16_SharesReport.s",4515
2,4,"MW[706]","mw[706]","/d/GitHub/WF-TDM-Official-Releases/2_ModelScripts/4_ModeChoice/16_SharesReport.s",4509
2,4,"MW[705]","mw[705]","/d/GitHub/WF-TDM-Official-Releases/2_ModelScripts/4_ModeChoice/16_SharesReport.s",4508
2,4,"MW[704]","mw[704]","/d/GitHub/WF-TDM-Official-Releases/2_ModelScripts/4_ModeChoice/16_SharesReport.s",4507
2,4,"MW[703]","mw[703]","/d/GitHub/WF-TDM-Official-Releases/2_ModelScripts/4_ModeChoice/16_SharesReport.s",4505
2,4,"MW[702]","mw[702]","/d/GitHub/WF-TDM-Official-Releases/2_ModelScripts/4_ModeChoice/16_SharesReport.s",4503
2,4,"MW[701]","mw[701]","/d/GitHub/WF-TDM-Official-Releases/2_ModelScripts/4_ModeChoice/16_SharesReport.s",4502
2,4,"MW[70][J]","MW[70][j]","/d/GitHub/WF-TDM-Official-Releases/2_ModelScripts/4_ModeChoice/block/HBW_HBO_calculate_trips.block",377
2,4,"MW[69][J]","MW[69][j]","/d/GitHub/WF-TDM-Official-Releases/2_ModelScripts/4_ModeChoice/block/HBW_HBO_calculate_trips.block",373
2,4,"MW[68][J]","MW[68][j]","/d/GitHub/WF-TDM-Official-Releases/2_ModelScripts/4_ModeChoice/block/HBW_HBO_calculate_trips.block",369
2,4,"MW[67][J]","MW[67][j]","/d/GitHub/WF-TDM-Official-Releases/2_ModelScripts/4_ModeChoice/block/HBW_HBO_calculate_trips.block",355
2,4,"MW[66][J]","MW[66][j]","/d/GitHub/WF-TDM-Official-Releases/2_ModelScripts/4_ModeChoice/block/HBW_HBO_calculate_trips.block",351
2,4,"MW[65][J]","MW[65][j]","/d/GitHub/WF-TDM-Official-Releases/2_ModelScripts/4_ModeChoice/block/HBW_HBO_calculate_trips.block",347
2,4,"MW[64][J]","MW[64][j]","/d/GitHub/WF-TDM-Official-Releases/2_ModelScripts/4_ModeChoice/block/HBW_HBO_calculate_trips.block",330
2,4,"MW[63][J]","MW[63][j]","/d/GitHub/WF-TDM-Official-Releases/2_ModelScripts/4_ModeChoice/block/HBW_HBO_calculate_trips.block",326
2,4,"MW[613]","mw[613]","/d/GitHub/WF-TDM-Official-Releases/2_ModelScripts/4_ModeChoice/16_SharesReport.s",4496
2,4,"MW[611]","mw[611]","/d/GitHub/WF-TDM-Official-Releases/2_ModelScripts/4_ModeChoice/16_SharesReport.s",4494
2,4,"MW[610]","mw[610]","/d/GitHub/WF-TDM-Official-Releases/2_ModelScripts/4_ModeChoice/16_SharesReport.s",4493
2,4,"MW[606]","mw[606]","/d/GitHub/WF-TDM-Official-Releases/2_ModelScripts/4_ModeChoice/16_SharesReport.s",4488
2,4,"MW[605]","mw[605]","/d/GitHub/WF-TDM-Official-Releases/2_ModelScripts/4_ModeChoice/16_SharesReport.s",4487
2,4,"MW[604]","mw[604]","/d/GitHub/WF-TDM-Official-Releases/2_ModelScripts/4_ModeChoice/16_SharesReport.s",4486
2,4,"MW[602]","mw[602]","/d/GitHub/WF-TDM-Official-Releases/2_ModelScripts/4_ModeChoice/16_SharesReport.s",4482
2,4,"MAXSTOP_MODE7","MaxStop_Mode7","/d/GitHub/WF-TDM-Official-Releases/2_ModelScripts/0_InputProcessing/c_NetworkProcessing/4_Create_walk_xfer_access_links.s",639
2,4,"MAXSTOP_MODE4","MaxStop_Mode4","/d/GitHub/WF-TDM-Official-Releases/2_ModelScripts/0_InputProcessing/c_NetworkProcessing/4_Create_walk_xfer_access_links.s",359
2,4,"MAXCOUNT_SUBAREAID","MaxCount_SUBAREAID","/d/GitHub/WF-TDM-Official-Releases/2_ModelScripts/3_Distribute/5_SegmentSummary_Dist.s",318
2,4,"MAXCOUNT_LANES_D2_MAN","MaxCount_LANES_D2_Man","/d/GitHub/WF-TDM-Official-Releases/2_ModelScripts/3_Distribute/5_SegmentSummary_Dist.s",329
2,4,"MAXCOUNT_LANES_D2_FWY","MaxCount_LANES_D2_Fwy","/d/GitHub/WF-TDM-Official-Releases/2_ModelScripts/3_Distribute/5_SegmentSummary_Dist.s",328
2,4,"MAXCOUNT_LANES_D2_ART","MaxCount_LANES_D2_Art","/d/GitHub/WF-TDM-Official-Releases/2_ModelScripts/3_Distribute/5_SegmentSummary_Dist.s",327
2,4,"MAXCOUNT_LANES_D2__CD","MaxCount_LANES_D2__CD","/d/GitHub/WF-TDM-Official-Releases/2_ModelScripts/3_Distribute/5_SegmentSummary_Dist.s",330
2,4,"MAXCOUNT_LANES_D1_MAN","MaxCount_LANES_D1_Man","/d/GitHub/WF-TDM-Official-Releases/2_ModelScripts/3_Distribute/5_SegmentSummary_Dist.s",324
2,4,"MAXCOUNT_LANES_D1_FWY","MaxCount_LANES_D1_Fwy","/d/GitHub/WF-TDM-Official-Releases/2_ModelScripts/3_Distribute/5_SegmentSummary_Dist.s",323
2,4,"MAXCOUNT_LANES_D1_ART","MaxCount_LANES_D1_Art","/d/GitHub/WF-TDM-Official-Releases/2_ModelScripts/3_Distribute/5_SegmentSummary_Dist.s",322
2,4,"MAXCOUNT_LANES_D1__CD","MaxCount_LANES_D1__CD","/d/GitHub/WF-TDM-Official-Releases/2_ModelScripts/3_Distribute/5_SegmentSummary_Dist.s",325
2,4,"MAXCOUNT_FT_D2_MAN","MaxCount_FT_D2_Man","/d/GitHub/WF-TDM-Official-Releases/2_ModelScripts/3_Distribute/5_SegmentSummary_Dist.s",339
2,4,"MAXCOUNT_FT_D2_FWY","MaxCount_FT_D2_Fwy","/d/GitHub/WF-TDM-Official-Releases/2_ModelScripts/3_Distribute/5_SegmentSummary_Dist.s",338
2,4,"MAXCOUNT_FT_D2_ART","MaxCount_FT_D2_Art","/d/GitHub/WF-TDM-Official-Releases/2_ModelScripts/3_Distribute/5_SegmentSummary_Dist.s",337
2,4,"MAXCOUNT_FT_D2__CD","MaxCount_FT_D2__CD","/d/GitHub/WF-TDM-Official-Releases/2_ModelScripts/3_Distribute/5_SegmentSummary_Dist.s",340
2,4,"MAXCOUNT_FT_D1_MAN","MaxCount_FT_D1_Man","/d/GitHub/WF-TDM-Official-Releases/2_ModelScripts/3_Distribute/5_SegmentSummary_Dist.s",334
2,4,"MAXCOUNT_FT_D1_FWY","MaxCount_FT_D1_Fwy","/d/GitHub/WF-TDM-Official-Releases/2_ModelScripts/3_Distribute/5_SegmentSummary_Dist.s",333
2,4,"MAXCOUNT_FT_D1_ART","MaxCount_FT_D1_Art","/d/GitHub/WF-TDM-Official-Releases/2_ModelScripts/3_Distribute/5_SegmentSummary_Dist.s",332
2,4,"MAXCOUNT_FT_D1__CD","MaxCount_FT_D1__CD","/d/GitHub/WF-TDM-Official-Releases/2_ModelScripts/3_Distribute/5_SegmentSummary_Dist.s",335
2,4,"MAXCOUNT_CO_FIPS","MaxCount_CO_FIPS","/d/GitHub/WF-TDM-Official-Releases/2_ModelScripts/3_Distribute/5_SegmentSummary_Dist.s",320
2,4,"MAXCOUNT_AREATYPE","MaxCount_AREATYPE","/d/GitHub/WF-TDM-Official-Releases/2_ModelScripts/3_Distribute/5_SegmentSummary_Dist.s",319
2,4,"LW.COST_AUTO_WRK_TOL","lw.COST_Auto_Wrk_tol","/d/GitHub/WF-TDM-Official-Releases/2_ModelScripts/5_AssignHwy/block/4pd_mainbody_managedlanes.block",293
2,4,"LW.COST_AUTO_PER_TOL","lw.COST_Auto_Per_tol","/d/GitHub/WF-TDM-Official-Releases/2_ModelScripts/5_AssignHwy/block/4pd_mainbody_managedlanes.block",294
2,4,"LOGSUM_WALKACC","logsum_walkacc","/d/GitHub/WF-TDM-Official-Releases/2_ModelScripts/4_ModeChoice/block/HBW_HBO_calculate_utilities.block",348
2,4,"LOGSUM_TRANSIT","logsum_transit","/d/GitHub/WF-TDM-Official-Releases/2_ModelScripts/4_ModeChoice/block/HBW_HBO_calculate_utilities.block",458
2,4,"LOGSUM_SHARED3","logsum_shared3","/d/GitHub/WF-TDM-Official-Releases/2_ModelScripts/4_ModeChoice/block/HBW_HBO_calculate_utilities.block",674
2,4,"LOGSUM_SHARED2","logsum_shared2","/d/GitHub/WF-TDM-Official-Releases/2_ModelScripts/4_ModeChoice/block/HBW_HBO_calculate_utilities.block",656
2,4,"LOGSUM_SHARED","logsum_shared","/d/GitHub/WF-TDM-Official-Releases/2_ModelScripts/4_ModeChoice/block/HBW_HBO_calculate_utilities.block",691
2,4,"LOGSUM_MOTOR","logsum_motor","/d/GitHub/WF-TDM-Official-Releases/2_ModelScripts/4_ModeChoice/block/HBW_HBO_calculate_utilities.block",855
2,4,"LOGSUM_DRIVEACC","logsum_driveacc","/d/GitHub/WF-TDM-Official-Releases/2_ModelScripts/4_ModeChoice/block/HBW_HBO_calculate_utilities.block",376
2,4,"LOGSUM_AUTO","logsum_auto","/d/GitHub/WF-TDM-Official-Releases/2_ModelScripts/4_ModeChoice/block/HBW_HBO_calculate_utilities.block",798
2,4,"LOGSUM_ALONE","logsum_alone","/d/GitHub/WF-TDM-Official-Releases/2_ModelScripts/4_ModeChoice/block/HBW_HBO_calculate_utilities.block",772
2,4,"IDX_XI_MD","idx_XI_MD","/d/GitHub/WF-TDM-Official-Releases/2_ModelScripts/0_InputProcessing/e_TimeOfDayFactors/1_CalculateTimeOfDayFac.s",151
2,4,"IDX_XI_LT","idx_XI_LT","/d/GitHub/WF-TDM-Official-Releases/2_ModelScripts/0_InputProcessing/e_TimeOfDayFactors/1_CalculateTimeOfDayFac.s",150
2,4,"IDX_XI_HV","idx_XI_HV","/d/GitHub/WF-TDM-Official-Releases/2_ModelScripts/0_InputProcessing/e_TimeOfDayFactors/1_CalculateTimeOfDayFac.s",152
2,4,"IDX_NHBW","idx_NHBW","/d/GitHub/WF-TDM-Official-Releases/2_ModelScripts/0_InputProcessing/e_TimeOfDayFactors/1_CalculateTimeOfDayFac.s",88
2,4,"IDX_NHBNW","idx_NHBNW","/d/GitHub/WF-TDM-Official-Releases/2_ModelScripts/0_InputProcessing/e_TimeOfDayFactors/1_CalculateTimeOfDayFac.s",89
2,4,"IDX_MD","idx_MD","/d/GitHub/WF-TDM-Official-Releases/2_ModelScripts/0_InputProcessing/e_TimeOfDayFactors/1_CalculateTimeOfDayFac.s",97
2,4,"IDX_LT","idx_LT","/d/GitHub/WF-TDM-Official-Releases/2_ModelScripts/0_InputProcessing/e_TimeOfDayFactors/1_CalculateTimeOfDayFac.s",96
2,4,"IDX_IX_MD","idx_IX_MD","/d/GitHub/WF-TDM-Official-Releases/2_ModelScripts/0_InputProcessing/e_TimeOfDayFactors/1_CalculateTimeOfDayFac.s",140
2,4,"IDX_IX_LT","idx_IX_LT","/d/GitHub/WF-TDM-Official-Releases/2_ModelScripts/0_InputProcessing/e_TimeOfDayFactors/1_CalculateTimeOfDayFac.s",139
2,4,"IDX_IX_HV","idx_IX_HV","/d/GitHub/WF-TDM-Official-Releases/2_ModelScripts/0_InputProcessing/e_TimeOfDayFactors/1_CalculateTimeOfDayFac.s",141
2,4,"IDX_HV","idx_HV","/d/GitHub/WF-TDM-Official-Releases/2_ModelScripts/0_InputProcessing/e_TimeOfDayFactors/1_CalculateTimeOfDayFac.s",98
2,4,"IDX_HBW","idx_HBW","/d/GitHub/WF-TDM-Official-Releases/2_ModelScripts/0_InputProcessing/e_TimeOfDayFactors/1_CalculateTimeOfDayFac.s",81
2,4,"IDX_HBSHP","idx_HBShp","/d/GitHub/WF-TDM-Official-Releases/2_ModelScripts/0_InputProcessing/e_TimeOfDayFactors/1_CalculateTimeOfDayFac.s",84
2,4,"IDX_HBOTH","idx_HBOth","/d/GitHub/WF-TDM-Official-Releases/2_ModelScripts/0_InputProcessing/e_TimeOfDayFactors/1_CalculateTimeOfDayFac.s",85
2,4,"EU_WLRT","EU_wLRT","/d/GitHub/WF-TDM-Official-Releases/2_ModelScripts/4_ModeChoice/block/HBW_HBO_calculate_utilities.block",253
2,4,"EU_WLCL","EU_wLCL","/d/GitHub/WF-TDM-Official-Releases/2_ModelScripts/4_ModeChoice/block/HBW_HBO_calculate_utilities.block",52
2,4,"EU_WEXP","EU_wEXP","/d/GitHub/WF-TDM-Official-Releases/2_ModelScripts/4_ModeChoice/block/HBW_HBO_calculate_utilities.block",200
2,4,"EU_WCRT","EU_wCRT","/d/GitHub/WF-TDM-Official-Releases/2_ModelScripts/4_ModeChoice/block/HBW_HBO_calculate_utilities.block",305
2,4,"EU_WCOR","EU_wCOR","/d/GitHub/WF-TDM-Official-Releases/2_ModelScripts/4_ModeChoice/block/HBW_HBO_calculate_utilities.block",101
2,4,"EU_WBRT","EU_wBRT","/d/GitHub/WF-TDM-Official-Releases/2_ModelScripts/4_ModeChoice/block/HBW_HBO_calculate_utilities.block",149
2,4,"EU_WALKACC","EU_walkacc","/d/GitHub/WF-TDM-Official-Releases/2_ModelScripts/4_ModeChoice/block/HBW_HBO_calculate_utilities.block",412
2,4,"EU_TRANSIT","EU_transit","/d/GitHub/WF-TDM-Official-Releases/2_ModelScripts/4_ModeChoice/block/HBW_HBO_calculate_utilities.block",825
2,4,"EU_SR3TH","EU_sr3th","/d/GitHub/WF-TDM-Official-Releases/2_ModelScripts/4_ModeChoice/block/HBW_HBO_calculate_utilities.block",641
2,4,"EU_SR3NN","EU_sr3nn","/d/GitHub/WF-TDM-Official-Releases/2_ModelScripts/4_ModeChoice/block/HBW_HBO_calculate_utilities.block",511
2,4,"EU_SR3NH","EU_sr3nh","/d/GitHub/WF-TDM-Official-Releases/2_ModelScripts/4_ModeChoice/block/HBW_HBO_calculate_utilities.block",605
2,4,"EU_SR3","EU_sr3","/d/GitHub/WF-TDM-Official-Releases/2_ModelScripts/4_ModeChoice/block/HBW_HBO_calculate_utilities.block",676
2,4,"EU_SR2TH","EU_sr2th","/d/GitHub/WF-TDM-Official-Releases/2_ModelScripts/4_ModeChoice/block/HBW_HBO_calculate_utilities.block",582
2,4,"EU_SR2NN","EU_sr2nn","/d/GitHub/WF-TDM-Official-Releases/2_ModelScripts/4_ModeChoice/block/HBW_HBO_calculate_utilities.block",508
2,4,"EU_SR2NH","EU_sr2nh","/d/GitHub/WF-TDM-Official-Releases/2_ModelScripts/4_ModeChoice/block/HBW_HBO_calculate_utilities.block",546
2,4,"EU_SR2","EU_sr2","/d/GitHub/WF-TDM-Official-Releases/2_ModelScripts/4_ModeChoice/block/HBW_HBO_calculate_utilities.block",658
2,4,"EU_SHARED","EU_shared","/d/GitHub/WF-TDM-Official-Releases/2_ModelScripts/4_ModeChoice/block/HBW_HBO_calculate_utilities.block",693
2,4,"EU_NONMOTOR","EU_nonmotor","/d/GitHub/WF-TDM-Official-Releases/2_ModelScripts/4_ModeChoice/block/HBW_HBO_calculate_utilities.block",945
2,4,"EU_MOTOR","EU_motor","/d/GitHub/WF-TDM-Official-Releases/2_ModelScripts/4_ModeChoice/block/HBW_HBO_calculate_utilities.block",959
2,4,"EU_DRIVEACC","EU_driveacc","/d/GitHub/WF-TDM-Official-Releases/2_ModelScripts/4_ModeChoice/block/HBW_HBO_calculate_utilities.block",432
2,4,"EU_DLRT","EU_dLRT","/d/GitHub/WF-TDM-Official-Releases/2_ModelScripts/4_ModeChoice/block/HBW_HBO_calculate_utilities.block",277
2,4,"EU_DLCL","EU_dLCL","/d/GitHub/WF-TDM-Official-Releases/2_ModelScripts/4_ModeChoice/block/HBW_HBO_calculate_utilities.block",75
2,4,"EU_DEXP","EU_dEXP","/d/GitHub/WF-TDM-Official-Releases/2_ModelScripts/4_ModeChoice/block/HBW_HBO_calculate_utilities.block",225
2,4,"EU_DCRT","EU_dCRT","/d/GitHub/WF-TDM-Official-Releases/2_ModelScripts/4_ModeChoice/block/HBW_HBO_calculate_utilities.block",330
2,4,"EU_DCOR","EU_dCOR","/d/GitHub/WF-TDM-Official-Releases/2_ModelScripts/4_ModeChoice/block/HBW_HBO_calculate_utilities.block",124
2,4,"EU_DBRT","EU_dBRT","/d/GitHub/WF-TDM-Official-Releases/2_ModelScripts/4_ModeChoice/block/HBW_HBO_calculate_utilities.block",173
2,4,"EU_AUTO","EU_auto","/d/GitHub/WF-TDM-Official-Releases/2_ModelScripts/4_ModeChoice/block/HBW_HBO_calculate_utilities.block",839
2,4,"EU_ALONET","EU_alonet","/d/GitHub/WF-TDM-Official-Releases/2_ModelScripts/4_ModeChoice/block/HBW_HBO_calculate_utilities.block",716
2,4,"EU_ALONEN","EU_alonen","/d/GitHub/WF-TDM-Official-Releases/2_ModelScripts/4_ModeChoice/block/HBW_HBO_calculate_utilities.block",714
2,4,"EU_ALONE","EU_alone","/d/GitHub/WF-TDM-Official-Releases/2_ModelScripts/4_ModeChoice/block/HBW_HBO_calculate_utilities.block",774
2,4,"DIR_IDX","Dir_Idx","/d/GitHub/WF-TDM-Official-Releases/2_ModelScripts/3_Distribute/5_SegmentSummary_Dist.s",146
2,4,"BY","BY","/d/GitHub/WF-TDM-Official-Releases/2_ModelScripts/0_InputProcessing/c_NetworkProcessing/4_Create_walk_xfer_access_links.s",207
2,4,"BX","BX","/d/GitHub/WF-TDM-Official-Releases/2_ModelScripts/0_InputProcessing/c_NetworkProcessing/4_Create_walk_xfer_access_links.s",206
2,4,"AY","AY","/d/GitHub/WF-TDM-Official-Releases/2_ModelScripts/0_InputProcessing/c_NetworkProcessing/4_Create_walk_xfer_access_links.s",205
2,4,"AX","AX","/d/GitHub/WF-TDM-Official-Releases/2_ModelScripts/0_InputProcessing/c_NetworkProcessing/4_Create_walk_xfer_access_links.s",204
2,4,"_HOT_TOLL_COEFX3","_HOT_Toll_CoefX3","/d/GitHub/WF-TDM-Official-Releases/2_ModelScripts/5_AssignHwy/block/4pd_mainbody_managedlanes.block",347
2,4,"_HOT_TOLL_COEFX2","_HOT_Toll_CoefX2","/d/GitHub/WF-TDM-Official-Releases/2_ModelScripts/5_AssignHwy/block/4pd_mainbody_managedlanes.block",348
2,4,"_HOT_TOLL_COEFX1","_HOT_Toll_CoefX1","/d/GitHub/WF-TDM-Official-Releases/2_ModelScripts/5_AssignHwy/block/4pd_mainbody_managedlanes.block",349
2,4,"_HOT_TOLL_COEFX0","_HOT_Toll_CoefX0","/d/GitHub/WF-TDM-Official-Releases/2_ModelScripts/5_AssignHwy/block/4pd_mainbody_managedlanes.block",350
2,4,"_BASE_TOLL","_base_toll","/d/GitHub/WF-TDM-Official-Releases/2_ModelScripts/5_AssignHwy/block/4pd_mainbody_managedlanes.block",352
2,36,"STOPINLIST","StopInList","/d/GitHub/WF-TDM-Official-Releases/2_ModelScripts/0_InputProcessing/c_NetworkProcessing/4_Create_walk_xfer_access_links.s",334
2,3,"ZDATI[4]","ZDATI[4]","/d/GitHub/WF-TDM-Official-Releases/2_ModelScripts/1_HHDisag_AutoOwn/3_AutoOwnership.s",21
2,3,"SUBAREAID","SUBAREAID","/d/GitHub/WF-TDM-Official-Releases/2_ModelScripts/0_InputProcessing/c_NetworkProcessing/1_NetProcessor.s",251
2,3,"RO.DSML_NAME","RO.DSML_NAME","/d/GitHub/WF-TDM-Official-Releases/2_ModelScripts/0_InputProcessing/b_SEProcessing/1_DemographicsAnalysis.s",266
2,3,"RO.DMED_NAME","RO.DMED_NAME","/d/GitHub/WF-TDM-Official-Releases/2_ModelScripts/0_InputProcessing/b_SEProcessing/1_DemographicsAnalysis.s",264
2,3,"RO.DLRG_NAME","RO.DLRG_NAME","/d/GitHub/WF-TDM-Official-Releases/2_ModelScripts/0_InputProcessing/b_SEProcessing/1_DemographicsAnalysis.s",262
2,3,"RO.CO_NAME","RO.CO_NAME","/d/GitHub/WF-TDM-Official-Releases/2_ModelScripts/0_InputProcessing/b_SEProcessing/1_DemographicsAnalysis.s",259
2,3,"RO.CITY_NAME","RO.CITY_NAME","/d/GitHub/WF-TDM-Official-Releases/2_ModelScripts/0_InputProcessing/b_SEProcessing/1_DemographicsAnalysis.s",260
2,3,"RO.CBD","RO.CBD","/d/GitHub/WF-TDM-Official-Releases/2_ModelScripts/0_InputProcessing/b_SEProcessing/2_UrbanizationTermTime.s",542
2,3,"RESUBAREAID","reSUBAREAID","/d/GitHub/WF-TDM-Official-Releases/2_ModelScripts/3_Distribute/5_SegmentSummary_Dist.s",1596
2,3,"RESEGIDIDX","reSEGIDIdx","/d/GitHub/WF-TDM-Official-Releases/2_ModelScripts/3_Distribute/5_SegmentSummary_Dist.s",1591
2,3,"RESEGID","reSEGID","/d/GitHub/WF-TDM-Official-Releases/2_ModelScripts/3_Distribute/5_SegmentSummary_Dist.s",1592
2,3,"REPM_VOL","rePM_VOL","/d/GitHub/WF-TDM-Official-Releases/2_ModelScripts/3_Distribute/5_SegmentSummary_Dist.s",1645
2,3,"REPM_PRDFAC","rePM_PRDFAC","/d/GitHub/WF-TDM-Official-Releases/2_ModelScripts/3_Distribute/5_SegmentSummary_Dist.s",1685
2,3,"REMD_VOL","reMD_VOL","/d/GitHub/WF-TDM-Official-Releases/2_ModelScripts/3_Distribute/5_SegmentSummary_Dist.s",1644
2,3,"RELINKS","reLinks","/d/GitHub/WF-TDM-Official-Releases/2_ModelScripts/3_Distribute/5_SegmentSummary_Dist.s",1617
2,3,"RELANES","reLanes","/d/GitHub/WF-TDM-Official-Releases/2_ModelScripts/3_Distribute/5_SegmentSummary_Dist.s",1619
2,3,"REFT","reFT","/d/GitHub/WF-TDM-Official-Releases/2_ModelScripts/3_Distribute/5_SegmentSummary_Dist.s",1620
2,3,"REFF_SPD","reFF_SPD","/d/GitHub/WF-TDM-Official-Releases/2_ModelScripts/3_Distribute/5_SegmentSummary_Dist.s",1664
2,3,"REEV_VOL","reEV_VOL","/d/GitHub/WF-TDM-Official-Releases/2_ModelScripts/3_Distribute/5_SegmentSummary_Dist.s",1646
2,3,"REDY_VOL","reDY_VOL","/d/GitHub/WF-TDM-Official-Releases/2_ModelScripts/3_Distribute/5_SegmentSummary_Dist.s",1647
2,3,"RECO_FIPS","reCO_FIPS","/d/GitHub/WF-TDM-Official-Releases/2_ModelScripts/3_Distribute/5_SegmentSummary_Dist.s",1597
2,3,"RECAP1HL","reCAP1HL","/d/GitHub/WF-TDM-Official-Releases/2_ModelScripts/3_Distribute/5_SegmentSummary_Dist.s",1640
2,3,"REAREATYPE","reAREATYPE","/d/GitHub/WF-TDM-Official-Releases/2_ModelScripts/3_Distribute/5_SegmentSummary_Dist.s",1600
2,3,"REAM_VOL","reAM_VOL","/d/GitHub/WF-TDM-Official-Releases/2_ModelScripts/3_Distribute/5_SegmentSummary_Dist.s",1643
2,3,"MW[4][J]","mw[4][j]","/d/GitHub/WF-TDM-Official-Releases/2_ModelScripts/4_ModeChoice/03_Skim_auto.s",877
2,3,"MW[241]","mw[241]","/d/GitHub/WF-TDM-Official-Releases/2_ModelScripts/3_Distribute/1_Distribution.s",2412
2,3,"MAXCOUNT_SFF_D2_MAN","MaxCount_SFF_D2_Man","/d/GitHub/WF-TDM-Official-Releases/2_ModelScripts/3_Distribute/5_SegmentSummary_Dist.s",349
2,3,"MAXCOUNT_SFF_D2_FWY","MaxCount_SFF_D2_Fwy","/d/GitHub/WF-TDM-Official-Releases/2_ModelScripts/3_Distribute/5_SegmentSummary_Dist.s",348
2,3,"MAXCOUNT_SFF_D2_ART","MaxCount_SFF_D2_Art","/d/GitHub/WF-TDM-Official-Releases/2_ModelScripts/3_Distribute/5_SegmentSummary_Dist.s",347
2,3,"MAXCOUNT_SFF_D2__CD","MaxCount_SFF_D2__CD","/d/GitHub/WF-TDM-Official-Releases/2_ModelScripts/3_Distribute/5_SegmentSummary_Dist.s",350
2,3,"MAXCOUNT_SFF_D1_MAN","MaxCount_SFF_D1_Man","/d/GitHub/WF-TDM-Official-Releases/2_ModelScripts/3_Distribute/5_SegmentSummary_Dist.s",344
2,3,"MAXCOUNT_SFF_D1_FWY","MaxCount_SFF_D1_Fwy","/d/GitHub/WF-TDM-Official-Releases/2_ModelScripts/3_Distribute/5_SegmentSummary_Dist.s",343
2,3,"MAXCOUNT_SFF_D1_ART","MaxCount_SFF_D1_Art","/d/GitHub/WF-TDM-Official-Releases/2_ModelScripts/3_Distribute/5_SegmentSummary_Dist.s",342
2,3,"MAXCOUNT_SFF_D1__CD","MaxCount_SFF_D1__CD","/d/GitHub/WF-TDM-Official-Releases/2_ModelScripts/3_Distribute/5_SegmentSummary_Dist.s",345
2,3,"CO_TAZID","CO_TAZID","/d/GitHub/WF-TDM-Official-Releases/2_ModelScripts/0_InputProcessing/c_NetworkProcessing/1_NetProcessor.s",1353
2,3,"ANGLE","ANGLE","/d/GitHub/WF-TDM-Official-Releases/2_ModelScripts/0_InputProcessing/c_NetworkProcessing/1_NetProcessor.s",355
2,21,"DIST","dist","/d/GitHub/WF-TDM-Official-Releases/2_ModelScripts/0_InputProcessing/b_SEProcessing/2_UrbanizationTermTime.s",100
2,2,"YEAR","Year","/d/GitHub/WF-TDM-Official-Releases/2_ModelScripts/0_InputProcessing/d_TripTable/1_TripTable.s",338
2,2,"WSLE","WSLE","/d/GitHub/WF-TDM-Official-Releases/2_ModelScripts/0_InputProcessing/c_NetworkProcessing/1_NetProcessor.s",1388
2,2,"UTCOUNTY_CRT","utCounty_CRT","/d/GitHub/WF-TDM-Official-Releases/2_ModelScripts/4_ModeChoice/block/HBW_HBO_calculate_utilities.block",22
2,2,"UTCOUNTY","utCounty","/d/GitHub/WF-TDM-Official-Releases/2_ModelScripts/4_ModeChoice/block/HBW_HBO_calculate_utilities.block",21
2,2,"TRIPS_WLRT_REGION","trips_wLRT_region","/d/GitHub/WF-TDM-Official-Releases/2_ModelScripts/4_ModeChoice/block/HBW_HBO_regional_shares.block",463
2,2,"TRIPS_WLRT","trips_wLRT","/d/GitHub/WF-TDM-Official-Releases/2_ModelScripts/4_ModeChoice/block/HBW_HBO_calculate_trips.block",234
2,2,"TRIPS_WLCL_REGION","trips_wLCL_region","/d/GitHub/WF-TDM-Official-Releases/2_ModelScripts/4_ModeChoice/block/HBW_HBO_regional_shares.block",391
2,2,"TRIPS_WLCL","trips_wLCL","/d/GitHub/WF-TDM-Official-Releases/2_ModelScripts/4_ModeChoice/block/HBW_HBO_calculate_trips.block",91
2,2,"TRIPS_WEXP_REGION","trips_wEXP_region","/d/GitHub/WF-TDM-Official-Releases/2_ModelScripts/4_ModeChoice/block/HBW_HBO_regional_shares.block",445
2,2,"TRIPS_WEXP","trips_wEXP","/d/GitHub/WF-TDM-Official-Releases/2_ModelScripts/4_ModeChoice/block/HBW_HBO_calculate_trips.block",198
2,2,"TRIPS_WCRT_REGION","trips_wCRT_region","/d/GitHub/WF-TDM-Official-Releases/2_ModelScripts/4_ModeChoice/block/HBW_HBO_regional_shares.block",481
2,2,"TRIPS_WCRT","trips_wCRT","/d/GitHub/WF-TDM-Official-Releases/2_ModelScripts/4_ModeChoice/block/HBW_HBO_calculate_trips.block",270
2,2,"TRIPS_WCOR_REGION","trips_wCOR_region","/d/GitHub/WF-TDM-Official-Releases/2_ModelScripts/4_ModeChoice/block/HBW_HBO_regional_shares.block",409
2,2,"TRIPS_WCOR","trips_wCOR","/d/GitHub/WF-TDM-Official-Releases/2_ModelScripts/4_ModeChoice/block/HBW_HBO_calculate_trips.block",127
2,2,"TRIPS_WBRT_REGION","trips_wBRT_region","/d/GitHub/WF-TDM-Official-Releases/2_ModelScripts/4_ModeChoice/block/HBW_HBO_regional_shares.block",427
2,2,"TRIPS_WBRT","trips_wBRT","/d/GitHub/WF-TDM-Official-Releases/2_ModelScripts/4_ModeChoice/block/HBW_HBO_calculate_trips.block",162
2,2,"TRIPS_WALKACC_REGION","trips_walkacc_region","/d/GitHub/WF-TDM-Official-Releases/2_ModelScripts/4_ModeChoice/block/HBW_HBO_regional_shares.block",357
2,2,"TRIPS_WALK_REGION","trips_walk_region","/d/GitHub/WF-TDM-Official-Releases/2_ModelScripts/4_ModeChoice/block/HBW_HBO_regional_shares.block",34
2,2,"TRIPS_WALK","trips_walk","/d/GitHub/WF-TDM-Official-Releases/2_ModelScripts/4_ModeChoice/block/HBW_HBO_calculate_trips.block",51
2,2,"TRIPS_TRANSIT_REGION","trips_transit_region","/d/GitHub/WF-TDM-Official-Releases/2_ModelScripts/4_ModeChoice/block/HBW_HBO_regional_shares.block",65
2,2,"TRIPS_TOTAL_REGION","trips_total_region","/d/GitHub/WF-TDM-Official-Releases/2_ModelScripts/4_ModeChoice/block/HBW_HBO_regional_shares.block",8
2,2,"TRIPS_SR3TH_REGION","trips_sr3th_region","/d/GitHub/WF-TDM-Official-Releases/2_ModelScripts/4_ModeChoice/block/HBW_HBO_regional_shares.block",228
2,2,"TRIPS_SR3NN_REGION","trips_sr3nn_region","/d/GitHub/WF-TDM-Official-Releases/2_ModelScripts/4_ModeChoice/block/HBW_HBO_regional_shares.block",216
2,2,"TRIPS_SR3NH_REGION","trips_sr3nh_region","/d/GitHub/WF-TDM-Official-Releases/2_ModelScripts/4_ModeChoice/block/HBW_HBO_regional_shares.block",222
2,2,"TRIPS_SR3_REGION","trips_sr3_region","/d/GitHub/WF-TDM-Official-Releases/2_ModelScripts/4_ModeChoice/block/HBW_HBO_regional_shares.block",208
2,2,"TRIPS_SR2TH_REGION","trips_sr2th_region","/d/GitHub/WF-TDM-Official-Releases/2_ModelScripts/4_ModeChoice/block/HBW_HBO_regional_shares.block",178
2,2,"TRIPS_SR2NN_REGION","trips_sr2nn_region","/d/GitHub/WF-TDM-Official-Releases/2_ModelScripts/4_ModeChoice/block/HBW_HBO_regional_shares.block",166
2,2,"TRIPS_SR2NH_REGION","trips_sr2nh_region","/d/GitHub/WF-TDM-Official-Releases/2_ModelScripts/4_ModeChoice/block/HBW_HBO_regional_shares.block",172
2,2,"TRIPS_SR2_REGION","trips_sr2_region","/d/GitHub/WF-TDM-Official-Releases/2_ModelScripts/4_ModeChoice/block/HBW_HBO_regional_shares.block",158
2,2,"TRIPS_SHARED_REGION","trips_shared_region","/d/GitHub/WF-TDM-Official-Releases/2_ModelScripts/4_ModeChoice/block/HBW_HBO_regional_shares.block",142
2,2,"TRIPS_NONMOTOR_REGION","trips_nonmotor_region","/d/GitHub/WF-TDM-Official-Releases/2_ModelScripts/4_ModeChoice/block/HBW_HBO_regional_shares.block",24
2,2,"TRIPS_NONMOTOR","trips_nonmotor","/d/GitHub/WF-TDM-Official-Releases/2_ModelScripts/4_ModeChoice/block/HBW_HBO_calculate_trips.block",30
2,2,"TRIPS_MOTOR_REGION","trips_motor_region","/d/GitHub/WF-TDM-Official-Releases/2_ModelScripts/4_ModeChoice/block/HBW_HBO_regional_shares.block",15
2,2,"TRIPS_MOTOR","trips_motor","/d/GitHub/WF-TDM-Official-Releases/2_ModelScripts/4_ModeChoice/block/HBW_HBO_calculate_trips.block",11
2,2,"TRIPS_LRT_REGION","trips_LRT_region","/d/GitHub/WF-TDM-Official-Releases/2_ModelScripts/4_ModeChoice/block/HBW_HBO_regional_shares.block",297
2,2,"TRIPS_LCL_REGION","trips_LCL_region","/d/GitHub/WF-TDM-Official-Releases/2_ModelScripts/4_ModeChoice/block/HBW_HBO_regional_shares.block",261
2,2,"TRIPS_EXP_REGION","trips_EXP_region","/d/GitHub/WF-TDM-Official-Releases/2_ModelScripts/4_ModeChoice/block/HBW_HBO_regional_shares.block",288
2,2,"TRIPS_DRIVEACC_REGION","trips_driveacc_region","/d/GitHub/WF-TDM-Official-Releases/2_ModelScripts/4_ModeChoice/block/HBW_HBO_regional_shares.block",372
2,2,"TRIPS_DLRT_REGION","trips_dLRT_region","/d/GitHub/WF-TDM-Official-Releases/2_ModelScripts/4_ModeChoice/block/HBW_HBO_regional_shares.block",472
2,2,"TRIPS_DLRT","trips_dLRT","/d/GitHub/WF-TDM-Official-Releases/2_ModelScripts/4_ModeChoice/block/HBW_HBO_calculate_trips.block",252
2,2,"TRIPS_DLCL_REGION","trips_dLCL_region","/d/GitHub/WF-TDM-Official-Releases/2_ModelScripts/4_ModeChoice/block/HBW_HBO_regional_shares.block",400
2,2,"TRIPS_DLCL","trips_dLCL","/d/GitHub/WF-TDM-Official-Releases/2_ModelScripts/4_ModeChoice/block/HBW_HBO_calculate_trips.block",109
2,2,"TRIPS_DEXP_REGION","trips_dEXP_region","/d/GitHub/WF-TDM-Official-Releases/2_ModelScripts/4_ModeChoice/block/HBW_HBO_regional_shares.block",454
2,2,"TRIPS_DEXP","trips_dEXP","/d/GitHub/WF-TDM-Official-Releases/2_ModelScripts/4_ModeChoice/block/HBW_HBO_calculate_trips.block",216
2,2,"TRIPS_DCRT_REGION","trips_dCRT_region","/d/GitHub/WF-TDM-Official-Releases/2_ModelScripts/4_ModeChoice/block/HBW_HBO_regional_shares.block",490
2,2,"TRIPS_DCRT","trips_dCRT","/d/GitHub/WF-TDM-Official-Releases/2_ModelScripts/4_ModeChoice/block/HBW_HBO_calculate_trips.block",288
2,2,"TRIPS_DCOR_REGION","trips_dCOR_region","/d/GitHub/WF-TDM-Official-Releases/2_ModelScripts/4_ModeChoice/block/HBW_HBO_regional_shares.block",418
2,2,"TRIPS_DCOR","trips_dCOR","/d/GitHub/WF-TDM-Official-Releases/2_ModelScripts/4_ModeChoice/block/HBW_HBO_calculate_trips.block",144
2,2,"TRIPS_DBRT_REGION","trips_dBRT_region","/d/GitHub/WF-TDM-Official-Releases/2_ModelScripts/4_ModeChoice/block/HBW_HBO_regional_shares.block",436
2,2,"TRIPS_DBRT","trips_dBRT","/d/GitHub/WF-TDM-Official-Releases/2_ModelScripts/4_ModeChoice/block/HBW_HBO_calculate_trips.block",179
2,2,"TRIPS_CRT_REGION","trips_CRT_region","/d/GitHub/WF-TDM-Official-Releases/2_ModelScripts/4_ModeChoice/block/HBW_HBO_regional_shares.block",306
2,2,"TRIPS_COR_REGION","trips_COR_region","/d/GitHub/WF-TDM-Official-Releases/2_ModelScripts/4_ModeChoice/block/HBW_HBO_regional_shares.block",270
2,2,"TRIPS_BRT_REGION","trips_BRT_region","/d/GitHub/WF-TDM-Official-Releases/2_ModelScripts/4_ModeChoice/block/HBW_HBO_regional_shares.block",279
2,2,"TRIPS_BIKE_REGION","trips_bike_region","/d/GitHub/WF-TDM-Official-Releases/2_ModelScripts/4_ModeChoice/block/HBW_HBO_regional_shares.block",49
2,2,"TRIPS_BIKE","trips_bike","/d/GitHub/WF-TDM-Official-Releases/2_ModelScripts/4_ModeChoice/block/HBW_HBO_calculate_trips.block",69
2,2,"TRIPS_AUTO_REGION","trips_auto_region","/d/GitHub/WF-TDM-Official-Releases/2_ModelScripts/4_ModeChoice/block/HBW_HBO_regional_shares.block",80
2,2,"TRIPS_ALONET_REGION","trips_alonet_region","/d/GitHub/WF-TDM-Official-Releases/2_ModelScripts/4_ModeChoice/block/HBW_HBO_regional_shares.block",120
2,2,"TRIPS_ALONEN_REGION","trips_alonen_region","/d/GitHub/WF-TDM-Official-Releases/2_ModelScripts/4_ModeChoice/block/HBW_HBO_regional_shares.block",111
2,2,"TRIPS_ALONE_REGION","trips_alone_region","/d/GitHub/WF-TDM-Official-Releases/2_ModelScripts/4_ModeChoice/block/HBW_HBO_regional_shares.block",96
2,2,"TOTHH","TOTHH","/d/GitHub/WF-TDM-Official-Releases/2_ModelScripts/0_InputProcessing/c_NetworkProcessing/1_NetProcessor.s",1377
2,2,"TOTEMP","TOTEMP","/d/GitHub/WF-TDM-Official-Releases/2_ModelScripts/0_InputProcessing/c_NetworkProcessing/1_NetProcessor.s",1380
2,2,"TOTAL_NHB_WE","total_NHB_WE","/d/GitHub/WF-TDM-Official-Releases/2_ModelScripts/3_Distribute/1_Distribution.s",7617
2,2,"TOTAL_NHB_UT","total_NHB_UT","/d/GitHub/WF-TDM-Official-Releases/2_ModelScripts/3_Distribute/1_Distribution.s",7647
2,2,"TOTAL_NHB_SL","total_NHB_SL","/d/GitHub/WF-TDM-Official-Releases/2_ModelScripts/3_Distribute/1_Distribution.s",7637
2,2,"TOTAL_NHB_RE","total_NHB_RE","/d/GitHub/WF-TDM-Official-Releases/2_ModelScripts/3_Distribute/1_Distribution.s",7672
2,2,"TOTAL_NHB_DA","total_NHB_DA","/d/GitHub/WF-TDM-Official-Releases/2_ModelScripts/3_Distribute/1_Distribution.s",7627
2,2,"TOTAL_NHB_BE","total_NHB_BE","/d/GitHub/WF-TDM-Official-Releases/2_ModelScripts/3_Distribute/1_Distribution.s",7607
2,2,"TOTAL_HBW_WE","total_HBW_WE","/d/GitHub/WF-TDM-Official-Releases/2_ModelScripts/3_Distribute/1_Distribution.s",7615
2,2,"TOTAL_HBW_UT","total_HBW_UT","/d/GitHub/WF-TDM-Official-Releases/2_ModelScripts/3_Distribute/1_Distribution.s",7645
2,2,"TOTAL_HBW_SL","total_HBW_SL","/d/GitHub/WF-TDM-Official-Releases/2_ModelScripts/3_Distribute/1_Distribution.s",7635
2,2,"TOTAL_HBW_RE","total_HBW_RE","/d/GitHub/WF-TDM-Official-Releases/2_ModelScripts/3_Distribute/1_Distribution.s",7660
2,2,"TOTAL_HBW_DA","total_HBW_DA","/d/GitHub/WF-TDM-Official-Releases/2_ModelScripts/3_Distribute/1_Distribution.s",7625
2,2,"TOTAL_HBW_BE","total_HBW_BE","/d/GitHub/WF-TDM-Official-Releases/2_ModelScripts/3_Distribute/1_Distribution.s",7605
2,2,"TOTAL_HBO_WE","total_HBO_WE","/d/GitHub/WF-TDM-Official-Releases/2_ModelScripts/3_Distribute/1_Distribution.s",7616
2,2,"TOTAL_HBO_UT","total_HBO_UT","/d/GitHub/WF-TDM-Official-Releases/2_ModelScripts/3_Distribute/1_Distribution.s",7646
2,2,"TOTAL_HBO_SL","total_HBO_SL","/d/GitHub/WF-TDM-Official-Releases/2_ModelScripts/3_Distribute/1_Distribution.s",7636
2,2,"TOTAL_HBO_RE","total_HBO_RE","/d/GitHub/WF-TDM-Official-Releases/2_ModelScripts/3_Distribute/1_Distribution.s",7666
2,2,"TOTAL_HBO_DA","total_HBO_DA","/d/GitHub/WF-TDM-Official-Releases/2_ModelScripts/3_Distribute/1_Distribution.s",7626
2,2,"TOTAL_HBO_BE","total_HBO_BE","/d/GitHub/WF-TDM-Official-Releases/2_ModelScripts/3_Distribute/1_Distribution.s",7606
2,2,"TAZ_PREV","TAZ_Prev","/d/GitHub/WF-TDM-Official-Releases/2_ModelScripts/0_InputProcessing/a_Setup/1_InputSetup.s",271
2,2,"TAZ_NEXT","TAZ_Next","/d/GitHub/WF-TDM-Official-Releases/2_ModelScripts/0_InputProcessing/a_Setup/1_InputSetup.s",318
2,2,"SUM_XX_P","sum_XX_P","/d/GitHub/WF-TDM-Official-Releases/2_ModelScripts/3_Distribute/1_Distribution.s",7477
2,2,"SUM_XX_A","sum_XX_A","/d/GitHub/WF-TDM-Official-Releases/2_ModelScripts/3_Distribute/1_Distribution.s",7544
2,2,"SUM_XI_P","sum_XI_P","/d/GitHub/WF-TDM-Official-Releases/2_ModelScripts/3_Distribute/1_Distribution.s",7476
2,2,"SUM_XI_A","sum_XI_A","/d/GitHub/WF-TDM-Official-Releases/2_ModelScripts/3_Distribute/1_Distribution.s",7543
2,2,"SUM_TTUNIQUE_P","sum_TTUNIQUE_P","/d/GitHub/WF-TDM-Official-Releases/2_ModelScripts/3_Distribute/1_Distribution.s",7487
2,2,"SUM_TTUNIQUE_A","sum_TTUNIQUE_A","/d/GitHub/WF-TDM-Official-Releases/2_ModelScripts/3_Distribute/1_Distribution.s",7554
2,2,"SUM_TOTTRK_P","sum_TotTrk_P","/d/GitHub/WF-TDM-Official-Releases/2_ModelScripts/3_Distribute/1_Distribution.s",7509
2,2,"SUM_TOTTRK_A","sum_TotTrk_A","/d/GitHub/WF-TDM-Official-Releases/2_ModelScripts/3_Distribute/1_Distribution.s",7577
2,2,"SUM_TOTPER_P","sum_TotPer_P","/d/GitHub/WF-TDM-Official-Releases/2_ModelScripts/3_Distribute/1_Distribution.s",7496
2,2,"SUM_TOTPER_A","sum_TotPer_A","/d/GitHub/WF-TDM-Official-Releases/2_ModelScripts/3_Distribute/1_Distribution.s",7564
2,2,"SUM_TOTEXT_P","sum_TotExt_P","/d/GitHub/WF-TDM-Official-Releases/2_ModelScripts/3_Distribute/1_Distribution.s",7505
2,2,"SUM_TOTEXT_A","sum_TotExt_A","/d/GitHub/WF-TDM-Official-Releases/2_ModelScripts/3_Distribute/1_Distribution.s",7573
2,2,"SUM_TOT_NHBW_P","sum_Tot_NHBW_P","/d/GitHub/WF-TDM-Official-Releases/2_ModelScripts/3_Distribute/1_Distribution.s",7492
2,2,"SUM_TOT_NHBW_A","sum_Tot_NHBW_A","/d/GitHub/WF-TDM-Official-Releases/2_ModelScripts/3_Distribute/1_Distribution.s",7560
2,2,"SUM_TOT_HBW_P","sum_Tot_HBW_P","/d/GitHub/WF-TDM-Official-Releases/2_ModelScripts/3_Distribute/1_Distribution.s",7490
2,2,"SUM_TOT_HBW_A","sum_Tot_HBW_A","/d/GitHub/WF-TDM-Official-Releases/2_ModelScripts/3_Distribute/1_Distribution.s",7557
2,2,"SUM_TG_TRK_P","sum_TG_Trk_P","/d/GitHub/WF-TDM-Official-Releases/2_ModelScripts/3_Distribute/1_Distribution.s",7528
2,2,"SUM_TG_TRK_A","sum_TG_Trk_A","/d/GitHub/WF-TDM-Official-Releases/2_ModelScripts/3_Distribute/1_Distribution.s",7596
2,2,"SUM_TG_PER_P","sum_TG_Per_P","/d/GitHub/WF-TDM-Official-Releases/2_ModelScripts/3_Distribute/1_Distribution.s",7516
2,2,"SUM_TG_PER_A","sum_TG_Per_A","/d/GitHub/WF-TDM-Official-Releases/2_ModelScripts/3_Distribute/1_Distribution.s",7584
2,2,"SUM_TG_IXXI_P","sum_TG_IXXI_P","/d/GitHub/WF-TDM-Official-Releases/2_ModelScripts/3_Distribute/1_Distribution.s",7525
2,2,"SUM_TG_IXXI_A","sum_TG_IXXI_A","/d/GitHub/WF-TDM-Official-Releases/2_ModelScripts/3_Distribute/1_Distribution.s",7593
2,2,"SUM_TEL_NHBW_P","sum_Tel_NHBW_P","/d/GitHub/WF-TDM-Official-Releases/2_ModelScripts/3_Distribute/1_Distribution.s",7493
2,2,"SUM_TEL_NHBW_A","sum_Tel_NHBW_A","/d/GitHub/WF-TDM-Official-Releases/2_ModelScripts/3_Distribute/1_Distribution.s",7561
2,2,"SUM_TEL_HBW_P","sum_Tel_HBW_P","/d/GitHub/WF-TDM-Official-Releases/2_ModelScripts/3_Distribute/1_Distribution.s",7491
2,2,"SUM_TEL_HBW_A","sum_Tel_HBW_A","/d/GitHub/WF-TDM-Official-Releases/2_ModelScripts/3_Distribute/1_Distribution.s",7558
2,2,"SUM_SR3","sum_sr3","/d/GitHub/WF-TDM-Official-Releases/2_ModelScripts/4_ModeChoice/block/HBW_HBO_calculate_utilities.block",670
2,2,"SUM_SR2","sum_sr2","/d/GitHub/WF-TDM-Official-Releases/2_ModelScripts/4_ModeChoice/block/HBW_HBO_calculate_utilities.block",652
2,2,"SUM_SHARED","sum_shared","/d/GitHub/WF-TDM-Official-Releases/2_ModelScripts/4_ModeChoice/block/HBW_HBO_calculate_utilities.block",690
2,2,"SUM_SH_MD_P","sum_SH_MD_P","/d/GitHub/WF-TDM-Official-Releases/2_ModelScripts/3_Distribute/1_Distribution.s",7479
2,2,"SUM_SH_MD_A","sum_SH_MD_A","/d/GitHub/WF-TDM-Official-Releases/2_ModelScripts/3_Distribute/1_Distribution.s",7546
2,2,"SUM_SH_LT_P","sum_SH_LT_P","/d/GitHub/WF-TDM-Official-Releases/2_ModelScripts/3_Distribute/1_Distribution.s",7478
2,2,"SUM_SH_LT_A","sum_SH_LT_A","/d/GitHub/WF-TDM-Official-Releases/2_ModelScripts/3_Distribute/1_Distribution.s",7545
2,2,"SUM_SH_HV_P","sum_SH_HV_P","/d/GitHub/WF-TDM-Official-Releases/2_ModelScripts/3_Distribute/1_Distribution.s",7480
2,2,"SUM_SH_HV_A","sum_SH_HV_A","/d/GitHub/WF-TDM-Official-Releases/2_ModelScripts/3_Distribute/1_Distribution.s",7547
2,2,"SUM_NHBW_P","sum_NHBW_P","/d/GitHub/WF-TDM-Official-Releases/2_ModelScripts/3_Distribute/1_Distribution.s",7473
2,2,"SUM_NHBW_A","sum_NHBW_A","/d/GitHub/WF-TDM-Official-Releases/2_ModelScripts/3_Distribute/1_Distribution.s",7540
2,2,"SUM_NHBNW_P","sum_NHBNW_P","/d/GitHub/WF-TDM-Official-Releases/2_ModelScripts/3_Distribute/1_Distribution.s",7474
2,2,"SUM_NHBNW_A","sum_NHBNW_A","/d/GitHub/WF-TDM-Official-Releases/2_ModelScripts/3_Distribute/1_Distribution.s",7541
2,2,"SUM_NHB_P","sum_NHB_P","/d/GitHub/WF-TDM-Official-Releases/2_ModelScripts/3_Distribute/1_Distribution.s",7486
2,2,"SUM_NHB_A","sum_NHB_A","/d/GitHub/WF-TDM-Official-Releases/2_ModelScripts/3_Distribute/1_Distribution.s",7553
2,2,"SUM_IX_P","sum_IX_P","/d/GitHub/WF-TDM-Official-Releases/2_ModelScripts/3_Distribute/1_Distribution.s",7475
2,2,"SUM_IX_A","sum_IX_A","/d/GitHub/WF-TDM-Official-Releases/2_ModelScripts/3_Distribute/1_Distribution.s",7542
2,2,"SUM_HBW_P","sum_HBW_P","/d/GitHub/WF-TDM-Official-Releases/2_ModelScripts/3_Distribute/1_Distribution.s",7467
2,2,"SUM_HBW_A","sum_HBW_A","/d/GitHub/WF-TDM-Official-Releases/2_ModelScripts/3_Distribute/1_Distribution.s",7534
2,2,"SUM_HBSHP_P","sum_HBShp_P","/d/GitHub/WF-TDM-Official-Releases/2_ModelScripts/3_Distribute/1_Distribution.s",7468
2,2,"SUM_HBSHP_A","sum_HBShp_A","/d/GitHub/WF-TDM-Official-Releases/2_ModelScripts/3_Distribute/1_Distribution.s",7535
2,2,"SUM_HBSCH_SC_P","sum_HBSch_Sc_P","/d/GitHub/WF-TDM-Official-Releases/2_ModelScripts/3_Distribute/1_Distribution.s",7471
2,2,"SUM_HBSCH_SC_A","sum_HBSch_Sc_A","/d/GitHub/WF-TDM-Official-Releases/2_ModelScripts/3_Distribute/1_Distribution.s",7538
2,2,"SUM_HBSCH_PR_P","sum_HBSch_Pr_P","/d/GitHub/WF-TDM-Official-Releases/2_ModelScripts/3_Distribute/1_Distribution.s",7470
2,2,"SUM_HBSCH_PR_A","sum_HBSch_Pr_A","/d/GitHub/WF-TDM-Official-Releases/2_ModelScripts/3_Distribute/1_Distribution.s",7537
2,2,"SUM_HBSCH_P","sum_HBSch_P","/d/GitHub/WF-TDM-Official-Releases/2_ModelScripts/3_Distribute/1_Distribution.s",7484
2,2,"SUM_HBSCH_A","sum_HBSch_A","/d/GitHub/WF-TDM-Official-Releases/2_ModelScripts/3_Distribute/1_Distribution.s",7551
2,2,"SUM_HBOTHNTT_P","sum_HBOthnTT_P","/d/GitHub/WF-TDM-Official-Releases/2_ModelScripts/3_Distribute/1_Distribution.s",7488
2,2,"SUM_HBOTHNTT_A","sum_HBOthnTT_A","/d/GitHub/WF-TDM-Official-Releases/2_ModelScripts/3_Distribute/1_Distribution.s",7555
2,2,"SUM_HBOTH_P","sum_HBOth_P","/d/GitHub/WF-TDM-Official-Releases/2_ModelScripts/3_Distribute/1_Distribution.s",7469
2,2,"SUM_HBOTH_A","sum_HBOth_A","/d/GitHub/WF-TDM-Official-Releases/2_ModelScripts/3_Distribute/1_Distribution.s",7536
2,2,"SUM_HBO_P","sum_HBO_P","/d/GitHub/WF-TDM-Official-Releases/2_ModelScripts/3_Distribute/1_Distribution.s",7485
2,2,"SUM_HBO_A","sum_HBO_A","/d/GitHub/WF-TDM-Official-Releases/2_ModelScripts/3_Distribute/1_Distribution.s",7552
2,2,"SUM_HBC_P","sum_HBC_P","/d/GitHub/WF-TDM-Official-Releases/2_ModelScripts/3_Distribute/1_Distribution.s",7472
2,2,"SUM_HBC_A","sum_HBC_A","/d/GitHub/WF-TDM-Official-Releases/2_ModelScripts/3_Distribute/1_Distribution.s",7539
2,2,"SUM_EXT_MD_P","sum_Ext_MD_P","/d/GitHub/WF-TDM-Official-Releases/2_ModelScripts/3_Distribute/1_Distribution.s",7481
2,2,"SUM_EXT_MD_A","sum_Ext_MD_A","/d/GitHub/WF-TDM-Official-Releases/2_ModelScripts/3_Distribute/1_Distribution.s",7548
2,2,"SUM_EXT_HV_P","sum_Ext_HV_P","/d/GitHub/WF-TDM-Official-Releases/2_ModelScripts/3_Distribute/1_Distribution.s",7482
2,2,"SUM_EXT_HV_A","sum_Ext_HV_A","/d/GitHub/WF-TDM-Official-Releases/2_ModelScripts/3_Distribute/1_Distribution.s",7549
2,2,"SUM_DRIVE","sum_drive","/d/GitHub/WF-TDM-Official-Releases/2_ModelScripts/4_ModeChoice/block/HBW_HBO_calculate_utilities.block",787
2,2,"SUM_ALONE","sum_alone","/d/GitHub/WF-TDM-Official-Releases/2_ModelScripts/4_ModeChoice/block/HBW_HBO_calculate_utilities.block",776
2,2,"SUBSCRIPTSTARTTIME_PM","SubScriptStartTime_PM","/d/GitHub/WF-TDM-Official-Releases/2_ModelScripts/3_Distribute/1_Distribution.s",4574
2,2,"SUBSCRIPTSTARTTIME_MD","SubScriptStartTime_MD","/d/GitHub/WF-TDM-Official-Releases/2_ModelScripts/3_Distribute/1_Distribution.s",4512
2,2,"SUBSCRIPTSTARTTIME_EV","SubScriptStartTime_EV","/d/GitHub/WF-TDM-Official-Releases/2_ModelScripts/3_Distribute/1_Distribution.s",4636
2,2,"SUBSCRIPTSTARTTIME_AM","SubScriptStartTime_AM","/d/GitHub/WF-TDM-Official-Releases/2_ModelScripts/3_Distribute/1_Distribution.s",4450
2,2,"SUBSCRIPTRUNTIME_PM","SubScriptRunTime_PM","/d/GitHub/WF-TDM-Official-Releases/2_ModelScripts/3_Distribute/1_Distribution.s",4624
2,2,"SUBSCRIPTRUNTIME_MD","SubScriptRunTime_MD","/d/GitHub/WF-TDM-Official-Releases/2_ModelScripts/3_Distribute/1_Distribution.s",4562
2,2,"SUBSCRIPTRUNTIME_IN","SubScriptRunTime_IN","/d/GitHub/WF-TDM-Official-Releases/2_ModelScripts/3_Distribute/1_Distribution.s",420
2,2,"SUBSCRIPTRUNTIME_EV","SubScriptRunTime_EV","/d/GitHub/WF-TDM-Official-Releases/2_ModelScripts/3_Distribute/1_Distribution.s",4686
2,2,"SUBSCRIPTRUNTIME_AM","SubScriptRunTime_AM","/d/GitHub/WF-TDM-Official-Releases/2_ModelScripts/3_Distribute/1_Distribution.s",4500
2,2,"SUBSCRIPTENDTIME_PM","SubScriptEndTime_PM","/d/GitHub/WF-TDM-Official-Releases/2_ModelScripts/3_Distribute/1_Distribution.s",4623
2,2,"SUBSCRIPTENDTIME_MD","SubScriptEndTime_MD","/d/GitHub/WF-TDM-Official-Releases/2_ModelScripts/3_Distribute/1_Distribution.s",4561
2,2,"SUBSCRIPTENDTIME_IN","SubScriptEndTime_IN","/d/GitHub/WF-TDM-Official-Releases/2_ModelScripts/3_Distribute/1_Distribution.s",419
2,2,"SUBSCRIPTENDTIME_EV","SubScriptEndTime_EV","/d/GitHub/WF-TDM-Official-Releases/2_ModelScripts/3_Distribute/1_Distribution.s",4685
2,2,"SUBSCRIPTENDTIME_AM","SubScriptEndTime_AM","/d/GitHub/WF-TDM-Official-Releases/2_ModelScripts/3_Distribute/1_Distribution.s",4499
2,2,"SUBAREAID[SEG_IDX][IDX_SUBAREAID]","SUBAREAID[Seg_Idx][idx_SUBAREAID]","/d/GitHub/WF-TDM-Official-Releases/2_ModelScripts/3_Distribute/5_SegmentSummary_Dist.s",203
2,2,"STOP_Y","Stop_Y","/d/GitHub/WF-TDM-Official-Releases/2_ModelScripts/0_InputProcessing/c_NetworkProcessing/4_Create_walk_xfer_access_links.s",1127
2,2,"STOP_X","Stop_X","/d/GitHub/WF-TDM-Official-Releases/2_ModelScripts/0_InputProcessing/c_NetworkProcessing/4_Create_walk_xfer_access_links.s",1126
2,2,"SQMILETOT","SQMILETOT","/d/GitHub/WF-TDM-Official-Releases/2_ModelScripts/3_Distribute/1_Distribution.s",987
2,2,"SFF[SEG_IDX][DIR_IDX][FUNGRP_IDX][IDX_SFF]","SFF[Seg_Idx][Dir_Idx][FunGrp_Idx][idx_SFF]","/d/GitHub/WF-TDM-Official-Releases/2_ModelScripts/3_Distribute/5_SegmentSummary_Dist.s",209
2,2,"RO.XX_P","RO.XX_P","/d/GitHub/WF-TDM-Official-Releases/2_ModelScripts/3_Distribute/1_Distribution.s",7329
2,2,"RO.XX_A","RO.XX_A","/d/GitHub/WF-TDM-Official-Releases/2_ModelScripts/3_Distribute/1_Distribution.s",7400
2,2,"RO.V1","RO.V1","/d/GitHub/WF-TDM-Official-Releases/2_ModelScripts/1_HHDisag_AutoOwn/3_AutoOwnership.s",1645
2,2,"RO.V0","RO.V0","/d/GitHub/WF-TDM-Official-Releases/2_ModelScripts/1_HHDisag_AutoOwn/3_AutoOwnership.s",1644
2,2,"RO.TTUNIQUE_P","RO.TTUNIQUE_P","/d/GitHub/WF-TDM-Official-Releases/2_ModelScripts/3_Distribute/1_Distribution.s",7339
2,2,"RO.TTUNIQUE_A","RO.TTUNIQUE_A","/d/GitHub/WF-TDM-Official-Releases/2_ModelScripts/3_Distribute/1_Distribution.s",7410
2,2,"RO.TOTTRK_P","RO.TotTrk_P","/d/GitHub/WF-TDM-Official-Releases/2_ModelScripts/3_Distribute/1_Distribution.s",7363
2,2,"RO.TOTTRK_A","RO.TotTrk_A","/d/GitHub/WF-TDM-Official-Releases/2_ModelScripts/3_Distribute/1_Distribution.s",7434
2,2,"RO.TOT_NHBW_P","RO.Tot_NHBW_P","/d/GitHub/WF-TDM-Official-Releases/2_ModelScripts/3_Distribute/1_Distribution.s",7344
2,2,"RO.TOT_NHBW_A","RO.Tot_NHBW_A","/d/GitHub/WF-TDM-Official-Releases/2_ModelScripts/3_Distribute/1_Distribution.s",7415
2,2,"RO.TOT_HBW_P","RO.Tot_HBW_P","/d/GitHub/WF-TDM-Official-Releases/2_ModelScripts/3_Distribute/1_Distribution.s",7342
2,2,"RO.TOT_HBW_A","RO.Tot_HBW_A","/d/GitHub/WF-TDM-Official-Releases/2_ModelScripts/3_Distribute/1_Distribution.s",7413
2,2,"RO.TG_TRK_P","RO.TG_Trk_P","/d/GitHub/WF-TDM-Official-Releases/2_ModelScripts/3_Distribute/1_Distribution.s",7384
2,2,"RO.TG_TRK_A","RO.TG_Trk_A","/d/GitHub/WF-TDM-Official-Releases/2_ModelScripts/3_Distribute/1_Distribution.s",7455
2,2,"RO.TG_PER_P","RO.TG_Per_P","/d/GitHub/WF-TDM-Official-Releases/2_ModelScripts/3_Distribute/1_Distribution.s",7370
2,2,"RO.TG_PER_A","RO.TG_Per_A","/d/GitHub/WF-TDM-Official-Releases/2_ModelScripts/3_Distribute/1_Distribution.s",7441
2,2,"RO.TG_IXXI_P","RO.TG_IXXI_P","/d/GitHub/WF-TDM-Official-Releases/2_ModelScripts/3_Distribute/1_Distribution.s",7380
2,2,"RO.TG_IXXI_A","RO.TG_IXXI_A","/d/GitHub/WF-TDM-Official-Releases/2_ModelScripts/3_Distribute/1_Distribution.s",7451
2,2,"RO.TEL_NHBW_P","RO.Tel_NHBW_P","/d/GitHub/WF-TDM-Official-Releases/2_ModelScripts/3_Distribute/1_Distribution.s",7345
2,2,"RO.TEL_NHBW_A","RO.Tel_NHBW_A","/d/GitHub/WF-TDM-Official-Releases/2_ModelScripts/3_Distribute/1_Distribution.s",7416
2,2,"RO.TEL_HBW_P","RO.Tel_HBW_P","/d/GitHub/WF-TDM-Official-Releases/2_ModelScripts/3_Distribute/1_Distribution.s",7343
2,2,"RO.TEL_HBW_A","RO.Tel_HBW_A","/d/GitHub/WF-TDM-Official-Releases/2_ModelScripts/3_Distribute/1_Distribution.s",7414
2,2,"RO.TAZID","RO.TAZID","/d/GitHub/WF-TDM-Official-Releases/2_ModelScripts/0_InputProcessing/c_NetworkProcessing/4_Create_walk_xfer_access_links.s",306
2,2,"RO.SUBAREAID","RO.SUBAREAID","/d/GitHub/WF-TDM-Official-Releases/2_ModelScripts/0_InputProcessing/b_SEProcessing/1_DemographicsAnalysis.s",257
2,2,"RO.SH_MD_P","RO.SH_MD_P","/d/GitHub/WF-TDM-Official-Releases/2_ModelScripts/3_Distribute/1_Distribution.s",7331
2,2,"RO.SH_MD_A","RO.SH_MD_A","/d/GitHub/WF-TDM-Official-Releases/2_ModelScripts/3_Distribute/1_Distribution.s",7402
2,2,"RO.SH_LT_P","RO.SH_LT_P","/d/GitHub/WF-TDM-Official-Releases/2_ModelScripts/3_Distribute/1_Distribution.s",7330
2,2,"RO.SH_LT_A","RO.SH_LT_A","/d/GitHub/WF-TDM-Official-Releases/2_ModelScripts/3_Distribute/1_Distribution.s",7401
2,2,"RO.SH_HV_P","RO.SH_HV_P","/d/GitHub/WF-TDM-Official-Releases/2_ModelScripts/3_Distribute/1_Distribution.s",7332
2,2,"RO.SH_HV_A","RO.SH_HV_A","/d/GitHub/WF-TDM-Official-Releases/2_ModelScripts/3_Distribute/1_Distribution.s",7403
2,2,"RO.NHB_P","RO.NHB_P","/d/GitHub/WF-TDM-Official-Releases/2_ModelScripts/3_Distribute/1_Distribution.s",7338
2,2,"RO.NHB_A","RO.NHB_A","/d/GitHub/WF-TDM-Official-Releases/2_ModelScripts/3_Distribute/1_Distribution.s",7409
2,2,"RO.J","RO.J","/d/GitHub/WF-TDM-Official-Releases/2_ModelScripts/6_REMM/1_output_Logsum.s",35
2,2,"RO.I","RO.I","/d/GitHub/WF-TDM-Official-Releases/2_ModelScripts/6_REMM/1_output_Logsum.s",34
2,2,"RO.HHSIZE_LC3","RO.HHSIZE_LC3","/d/GitHub/WF-TDM-Official-Releases/2_ModelScripts/1_HHDisag_AutoOwn/1_LifeCycle.s",495
2,2,"RO.HHSIZE_LC2","RO.HHSIZE_LC2","/d/GitHub/WF-TDM-Official-Releases/2_ModelScripts/1_HHDisag_AutoOwn/1_LifeCycle.s",494
2,2,"RO.HHSIZE_LC1","RO.HHSIZE_LC1","/d/GitHub/WF-TDM-Official-Releases/2_ModelScripts/1_HHDisag_AutoOwn/1_LifeCycle.s",493
2,2,"RO.HBSCH_P","RO.HBSch_P","/d/GitHub/WF-TDM-Official-Releases/2_ModelScripts/3_Distribute/1_Distribution.s",7336
2,2,"RO.HBSCH_A","RO.HBSch_A","/d/GitHub/WF-TDM-Official-Releases/2_ModelScripts/3_Distribute/1_Distribution.s",7407
2,2,"RO.HBOTHNTT_P","RO.HBOthnTT_P","/d/GitHub/WF-TDM-Official-Releases/2_ModelScripts/3_Distribute/1_Distribution.s",7340
2,2,"RO.HBOTHNTT_A","RO.HBOthnTT_A","/d/GitHub/WF-TDM-Official-Releases/2_ModelScripts/3_Distribute/1_Distribution.s",7411
2,2,"RO.HBO_P","RO.HBO_P","/d/GitHub/WF-TDM-Official-Releases/2_ModelScripts/3_Distribute/1_Distribution.s",7337
2,2,"RO.HBO_A","RO.HBO_A","/d/GitHub/WF-TDM-Official-Releases/2_ModelScripts/3_Distribute/1_Distribution.s",7408
2,2,"RO.HBC_P","RO.HBC_P","/d/GitHub/WF-TDM-Official-Releases/2_ModelScripts/3_Distribute/1_Distribution.s",7324
2,2,"RO.HBC_A","RO.HBC_A","/d/GitHub/WF-TDM-Official-Releases/2_ModelScripts/3_Distribute/1_Distribution.s",7395
2,2,"RO.EXT_MD_P","RO.Ext_MD_P","/d/GitHub/WF-TDM-Official-Releases/2_ModelScripts/3_Distribute/1_Distribution.s",7333
2,2,"RO.EXT_MD_A","RO.Ext_MD_A","/d/GitHub/WF-TDM-Official-Releases/2_ModelScripts/3_Distribute/1_Distribution.s",7404
2,2,"RO.EXT_HV_P","RO.Ext_HV_P","/d/GitHub/WF-TDM-Official-Releases/2_ModelScripts/3_Distribute/1_Distribution.s",7334
2,2,"RO.EXT_HV_A","RO.Ext_HV_A","/d/GitHub/WF-TDM-Official-Releases/2_ModelScripts/3_Distribute/1_Distribution.s",7405
2,2,"RO.DEVACRES","RO.DEVACRES","/d/GitHub/WF-TDM-Official-Releases/2_ModelScripts/0_InputProcessing/b_SEProcessing/2_UrbanizationTermTime.s",540
2,2,"RO.B","RO.B","/d/GitHub/WF-TDM-Official-Releases/1_Inputs/3_Highway/_Network Processing Tools/Reset Link AB Field Widths/_Reset_LinkShape_AB_FieldWidths.s",43
2,2,"RO.A","RO.A","/d/GitHub/WF-TDM-Official-Releases/1_Inputs/3_Highway/_Network Processing Tools/Reset Link AB Field Widths/_Reset_LinkShape_AB_FieldWidths.s",42
2,2,"RETL","RETL","/d/GitHub/WF-TDM-Official-Releases/2_ModelScripts/0_InputProcessing/c_NetworkProcessing/1_NetProcessor.s",1385
2,2,"RETEMP","RETEMP","/d/GitHub/WF-TDM-Official-Releases/2_ModelScripts/0_InputProcessing/c_NetworkProcessing/1_NetProcessor.s",1381
2,2,"PM_XX","PM_XX","/d/GitHub/WF-TDM-Official-Releases/2_ModelScripts/3_Distribute/1_Distribution.s",5789
2,2,"PM_XI","PM_XI","/d/GitHub/WF-TDM-Official-Releases/2_ModelScripts/3_Distribute/1_Distribution.s",5788
2,2,"PM_TRK","PM_TRK","/d/GitHub/WF-TDM-Official-Releases/2_ModelScripts/3_Distribute/1_Distribution.s",5641
2,2,"PM_TOT_PUR","PM_TOT_PUR","/d/GitHub/WF-TDM-Official-Releases/2_ModelScripts/3_Distribute/1_Distribution.s",5796
2,2,"PM_SMD","PM_SMD","/d/GitHub/WF-TDM-Official-Releases/2_ModelScripts/3_Distribute/1_Distribution.s",5791
2,2,"PM_SLT","PM_SLT","/d/GitHub/WF-TDM-Official-Releases/2_ModelScripts/3_Distribute/1_Distribution.s",5790
2,2,"PM_SHV","PM_SHV","/d/GitHub/WF-TDM-Official-Releases/2_ModelScripts/3_Distribute/1_Distribution.s",5792
2,2,"PM_PER","PM_PER","/d/GitHub/WF-TDM-Official-Releases/2_ModelScripts/3_Distribute/1_Distribution.s",5626
2,2,"PM_LMD","PM_LMD","/d/GitHub/WF-TDM-Official-Releases/2_ModelScripts/3_Distribute/1_Distribution.s",5793
2,2,"PM_LHV","PM_LHV","/d/GitHub/WF-TDM-Official-Releases/2_ModelScripts/3_Distribute/1_Distribution.s",5794
2,2,"PM_IX","PM_IX","/d/GitHub/WF-TDM-Official-Releases/2_ModelScripts/3_Distribute/1_Distribution.s",5787
2,2,"PM_HBS_S","PM_HBS_S","/d/GitHub/WF-TDM-Official-Releases/2_ModelScripts/3_Distribute/1_Distribution.s",5783
2,2,"PM_HBS_P","PM_HBS_P","/d/GitHub/WF-TDM-Official-Releases/2_ModelScripts/3_Distribute/1_Distribution.s",5782
2,2,"PM_HBC","PM_HBC","/d/GitHub/WF-TDM-Official-Releases/2_ModelScripts/3_Distribute/1_Distribution.s",5784
2,2,"PM_EXT","PM_EXT","/d/GitHub/WF-TDM-Official-Releases/2_ModelScripts/3_Distribute/1_Distribution.s",5635
2,2,"PM_CV","PM_CV","/d/GitHub/WF-TDM-Official-Releases/2_ModelScripts/3_Distribute/1_Distribution.s",5639
2,2,"PERCENTTRIPS_2VEH_LOWINC","percenttrips_2veh_LowInc","/d/GitHub/WF-TDM-Official-Releases/2_ModelScripts/4_ModeChoice/06_HBW_logsums.s",124
2,2,"PERCENTTRIPS_2VEH_HIGHINC","percenttrips_2veh_HighInc","/d/GitHub/WF-TDM-Official-Releases/2_ModelScripts/4_ModeChoice/06_HBW_logsums.s",138
2,2,"PERCENTTRIPS_1VEH_LOWINC","percenttrips_1veh_LowInc","/d/GitHub/WF-TDM-Official-Releases/2_ModelScripts/4_ModeChoice/06_HBW_logsums.s",107
2,2,"PERCENTTRIPS_1VEH_HIGHINC","percenttrips_1veh_HighInc","/d/GitHub/WF-TDM-Official-Releases/2_ModelScripts/4_ModeChoice/06_HBW_logsums.s",115
2,2,"PERCENTTRIPS_0VEH_LOWINC","percenttrips_0veh_LowInc","/d/GitHub/WF-TDM-Official-Releases/2_ModelScripts/4_ModeChoice/06_HBW_logsums.s",90
2,2,"PERCENTTRIPS_0VEH_HIGHINC","percenttrips_0veh_HighInc","/d/GitHub/WF-TDM-Official-Releases/2_ModelScripts/4_ModeChoice/06_HBW_logsums.s",98
2,2,"PCT_NUMREC","pct_numrec","/d/GitHub/WF-TDM-Official-Releases/2_ModelScripts/3_Distribute/5_SegmentSummary_Dist.s",118
2,2,"P_NHB_DA","P_NHB_DA","/d/GitHub/WF-TDM-Official-Releases/2_ModelScripts/4_ModeChoice/13_vizTool_TripsByMode.s",391
2,2,"P_NHB_ALL","P_NHB_all","/d/GitHub/WF-TDM-Official-Releases/2_ModelScripts/4_ModeChoice/13_vizTool_TripsByMode.s",422
2,2,"P_HBW_DA","P_HBW_DA","/d/GitHub/WF-TDM-Official-Releases/2_ModelScripts/4_ModeChoice/13_vizTool_TripsByMode.s",257
2,2,"P_HBW_ALL","P_HBW_all","/d/GitHub/WF-TDM-Official-Releases/2_ModelScripts/4_ModeChoice/13_vizTool_TripsByMode.s",288
2,2,"P_HBO_DA","P_HBO_DA","/d/GitHub/WF-TDM-Official-Releases/2_ModelScripts/4_ModeChoice/13_vizTool_TripsByMode.s",324
2,2,"P_HBO_ALL","P_HBO_all","/d/GitHub/WF-TDM-Official-Releases/2_ModelScripts/4_ModeChoice/13_vizTool_TripsByMode.s",355
2,2,"OTHR","OTHR","/d/GitHub/WF-TDM-Official-Releases/2_ModelScripts/0_InputProcessing/c_NetworkProcessing/1_NetProcessor.s",1392
2,2,"OTHEMP","OTHEMP","/d/GitHub/WF-TDM-Official-Releases/2_ModelScripts/0_InputProcessing/c_NetworkProcessing/1_NetProcessor.s",1383
2,2,"ONRUNERRORGOTO","ONRUNERRORGOTO","/d/GitHub/WF-TDM-Official-Releases/Scenarios/_default/_HailMary.s",16
2,2,"OFFI","OFFI","/d/GitHub/WF-TDM-Official-Releases/2_ModelScripts/0_InputProcessing/c_NetworkProcessing/1_NetProcessor.s",1389
2,2,"NUMLINKS[SEG_IDX][DIR_IDX][FUNGRP_IDX]","NumLinks[Seg_Idx][Dir_Idx][FunGrp_Idx]","/d/GitHub/WF-TDM-Official-Releases/2_ModelScripts/3_Distribute/5_SegmentSummary_Dist.s",233
2,2,"NODENUM","NodeNum","/d/GitHub/WF-TDM-Official-Releases/2_ModelScripts/0_InputProcessing/c_NetworkProcessing/4_Create_walk_xfer_access_links.s",293
2,2,"NETI[2]","NETI[2]","/d/GitHub/WF-TDM-Official-Releases/2_ModelScripts/3_Distribute/1_Distribution.s",4964
2,2,"NET_2","net_2","/d/GitHub/WF-TDM-Official-Releases/2_ModelScripts/7_PostProcessing/2_Compare2Nets/Compare_2Assignments.s",16
2,2,"NET_1","net_1","/d/GitHub/WF-TDM-Official-Releases/2_ModelScripts/7_PostProcessing/2_Compare2Nets/Compare_2Assignments.s",15
2,2,"MW[97][J]","MW[97][j]","/d/GitHub/WF-TDM-Official-Releases/2_ModelScripts/4_ModeChoice/block/HBW_HBO_calculate_trips.block",147
2,2,"MW[96][J]","MW[96][j]","/d/GitHub/WF-TDM-Official-Releases/2_ModelScripts/4_ModeChoice/block/HBW_HBO_calculate_trips.block",130
2,2,"MW[93][J]","MW[93][j]","/d/GitHub/WF-TDM-Official-Releases/2_ModelScripts/4_ModeChoice/block/HBW_HBO_calculate_trips.block",403
2,2,"MW[40]","mw[40]","/d/GitHub/WF-TDM-Official-Releases/2_ModelScripts/4_ModeChoice/18_SumToDistricts_FinalTripTables.s",1319
2,2,"MW[395]","mw[395]","/d/GitHub/WF-TDM-Official-Releases/2_ModelScripts/4_ModeChoice/block/HBW_HBO_working_matrices.block",216
2,2,"MW[394]","mw[394]","/d/GitHub/WF-TDM-Official-Releases/2_ModelScripts/4_ModeChoice/block/HBW_HBO_working_matrices.block",215
2,2,"MW[393]","mw[393]","/d/GitHub/WF-TDM-Official-Releases/2_ModelScripts/4_ModeChoice/block/HBW_HBO_working_matrices.block",214
2,2,"MW[385]","mw[385]","/d/GitHub/WF-TDM-Official-Releases/2_ModelScripts/4_ModeChoice/block/HBW_HBO_working_matrices.block",213
2,2,"MW[32][J]","MW[32][j]","/d/GitHub/WF-TDM-Official-Releases/2_ModelScripts/4_ModeChoice/block/HBW_HBO_calculate_trips.block",291
2,2,"MW[31][J]","MW[31][j]","/d/GitHub/WF-TDM-Official-Releases/2_ModelScripts/4_ModeChoice/block/HBW_HBO_calculate_trips.block",273
2,2,"MW[30][J]","MW[30][j]","/d/GitHub/WF-TDM-Official-Releases/2_ModelScripts/4_ModeChoice/block/HBW_HBO_calculate_trips.block",255
2,2,"MW[298]","MW[298]","/d/GitHub/WF-TDM-Official-Releases/2_ModelScripts/4_ModeChoice/block/HBW_HBO_working_matrices.block",159
2,2,"MW[297]","MW[297]","/d/GitHub/WF-TDM-Official-Releases/2_ModelScripts/4_ModeChoice/block/HBW_HBO_working_matrices.block",158
2,2,"MW[296]","MW[296]","/d/GitHub/WF-TDM-Official-Releases/2_ModelScripts/4_ModeChoice/block/HBW_HBO_working_matrices.block",157
2,2,"MW[295]","MW[295]","/d/GitHub/WF-TDM-Official-Releases/2_ModelScripts/4_ModeChoice/block/HBW_HBO_working_matrices.block",156
2,2,"MW[294]","MW[294]","/d/GitHub/WF-TDM-Official-Releases/2_ModelScripts/4_ModeChoice/block/HBW_HBO_working_matrices.block",155
2,2,"MW[29][J]","MW[29][j]","/d/GitHub/WF-TDM-Official-Releases/2_ModelScripts/4_ModeChoice/block/HBW_HBO_calculate_trips.block",237
2,2,"MW[288]","MW[288]","/d/GitHub/WF-TDM-Official-Releases/2_ModelScripts/4_ModeChoice/block/HBW_HBO_working_matrices.block",136
2,2,"MW[287]","MW[287]","/d/GitHub/WF-TDM-Official-Releases/2_ModelScripts/4_ModeChoice/block/HBW_HBO_working_matrices.block",135
2,2,"MW[286]","MW[286]","/d/GitHub/WF-TDM-Official-Releases/2_ModelScripts/4_ModeChoice/block/HBW_HBO_working_matrices.block",134
2,2,"MW[285]","MW[285]","/d/GitHub/WF-TDM-Official-Releases/2_ModelScripts/4_ModeChoice/block/HBW_HBO_working_matrices.block",133
2,2,"MW[28][J]","MW[28][j]","/d/GitHub/WF-TDM-Official-Releases/2_ModelScripts/4_ModeChoice/block/HBW_HBO_calculate_trips.block",219
2,2,"MW[27][J]","MW[27][j]","/d/GitHub/WF-TDM-Official-Releases/2_ModelScripts/4_ModeChoice/block/HBW_HBO_calculate_trips.block",201
2,2,"MW[26][J]","MW[26][j]","/d/GitHub/WF-TDM-Official-Releases/2_ModelScripts/4_ModeChoice/block/HBW_HBO_calculate_trips.block",112
2,2,"MW[250]","mw[250]","/d/GitHub/WF-TDM-Official-Releases/2_ModelScripts/4_ModeChoice/10_ConvertSomeXI2HBW.s",407
2,2,"MW[25][J]","MW[25][j]","/d/GitHub/WF-TDM-Official-Releases/2_ModelScripts/4_ModeChoice/block/HBW_HBO_calculate_trips.block",94
2,2,"MW[248]","MW[248]","/d/GitHub/WF-TDM-Official-Releases/2_ModelScripts/4_ModeChoice/block/HBW_HBO_working_matrices.block",124
2,2,"MW[24][J]","MW[24][j]","/d/GitHub/WF-TDM-Official-Releases/2_ModelScripts/4_ModeChoice/block/HBW_HBO_calculate_trips.block",419
2,2,"MW[238]","MW[238]","/d/GitHub/WF-TDM-Official-Releases/2_ModelScripts/4_ModeChoice/block/HBW_HBO_working_matrices.block",118
2,2,"MW[23][J]","MW[23][j]","/d/GitHub/WF-TDM-Official-Releases/2_ModelScripts/4_ModeChoice/block/HBW_HBO_calculate_trips.block",415
2,2,"MW[22][J]","MW[22][j]","/d/GitHub/WF-TDM-Official-Releases/2_ModelScripts/4_ModeChoice/block/HBW_HBO_calculate_trips.block",411
2,2,"MW[211][J]","MW[211][j]","/d/GitHub/WF-TDM-Official-Releases/2_ModelScripts/4_ModeChoice/block/HBW_HBO_working_matrices.block",95
2,2,"MW[210][J]","MW[210][j]","/d/GitHub/WF-TDM-Official-Releases/2_ModelScripts/4_ModeChoice/block/HBW_HBO_working_matrices.block",91
2,2,"MW[21][J]","MW[21][j]","/d/GitHub/WF-TDM-Official-Releases/2_ModelScripts/4_ModeChoice/block/HBW_HBO_calculate_trips.block",399
2,2,"MW[20][J]","MW[20][j]","/d/GitHub/WF-TDM-Official-Releases/2_ModelScripts/4_ModeChoice/block/HBW_HBO_calculate_trips.block",365
2,2,"MW[198]","MW[198]","/d/GitHub/WF-TDM-Official-Releases/2_ModelScripts/4_ModeChoice/block/HBW_HBO_working_matrices.block",80
2,2,"MW[197]","MW[197]","/d/GitHub/WF-TDM-Official-Releases/2_ModelScripts/4_ModeChoice/block/HBW_HBO_working_matrices.block",79
2,2,"MW[196]","MW[196]","/d/GitHub/WF-TDM-Official-Releases/2_ModelScripts/4_ModeChoice/block/HBW_HBO_working_matrices.block",78
2,2,"MW[19][J]","MW[19][j]","/d/GitHub/WF-TDM-Official-Releases/2_ModelScripts/4_ModeChoice/block/HBW_HBO_calculate_trips.block",343
2,2,"MW[188]","MW[188]","/d/GitHub/WF-TDM-Official-Releases/2_ModelScripts/4_ModeChoice/block/HBW_HBO_working_matrices.block",57
2,2,"MW[187]","MW[187]","/d/GitHub/WF-TDM-Official-Releases/2_ModelScripts/4_ModeChoice/block/HBW_HBO_working_matrices.block",56
2,2,"MW[186]","MW[186]","/d/GitHub/WF-TDM-Official-Releases/2_ModelScripts/4_ModeChoice/block/HBW_HBO_working_matrices.block",55
2,2,"MW[18][J]","MW[18][j]","/d/GitHub/WF-TDM-Official-Releases/2_ModelScripts/4_ModeChoice/block/HBW_HBO_calculate_trips.block",339
2,2,"MW[17][J]","MW[17][j]","/d/GitHub/WF-TDM-Official-Releases/2_ModelScripts/4_ModeChoice/block/HBW_HBO_calculate_trips.block",321
2,2,"MW[113][J]","MW[113][j]","/d/GitHub/WF-TDM-Official-Releases/2_ModelScripts/4_ModeChoice/block/HBW_HBO_calculate_trips.block",182
2,2,"MW[112][J]","MW[112][j]","/d/GitHub/WF-TDM-Official-Releases/2_ModelScripts/4_ModeChoice/block/HBW_HBO_calculate_trips.block",165
2,2,"MW[111][J]","MW[111][j]","/d/GitHub/WF-TDM-Official-Releases/2_ModelScripts/4_ModeChoice/block/HBW_HBO_working_matrices.block",16
2,2,"MW[110][J]","MW[110][j]","/d/GitHub/WF-TDM-Official-Releases/2_ModelScripts/4_ModeChoice/block/HBW_HBO_working_matrices.block",12
2,2,"MW[102][J]","MW[102][j]","/d/GitHub/WF-TDM-Official-Releases/2_ModelScripts/4_ModeChoice/block/HBW_HBO_calculate_trips.block",407
2,2,"MW[100][J]","mw[100][j]","/d/GitHub/WF-TDM-Official-Releases/2_ModelScripts/4_ModeChoice/03_Skim_auto.s",886
2,2,"MW[10][J]","MW[10][j]","/d/GitHub/WF-TDM-Official-Releases/2_ModelScripts/4_ModeChoice/07_HBW_dest_choice.s",357
2,2,"MW[096]","mw[096]","/d/GitHub/WF-TDM-Official-Releases/2_ModelScripts/3_Distribute/1_Distribution.s",3524
2,2,"MW[095]","mw[095]","/d/GitHub/WF-TDM-Official-Releases/2_ModelScripts/3_Distribute/1_Distribution.s",3523
2,2,"MW[094]","mw[094]","/d/GitHub/WF-TDM-Official-Releases/2_ModelScripts/3_Distribute/1_Distribution.s",3522
2,2,"MW[093]","mw[093]","/d/GitHub/WF-TDM-Official-Releases/2_ModelScripts/3_Distribute/1_Distribution.s",3521
2,2,"MW[092]","mw[092]","/d/GitHub/WF-TDM-Official-Releases/2_ModelScripts/3_Distribute/1_Distribution.s",3520
2,2,"MW[091]","mw[091]","/d/GitHub/WF-TDM-Official-Releases/2_ModelScripts/3_Distribute/1_Distribution.s",3519
2,2,"MW[088]","mw[088]","/d/GitHub/WF-TDM-Official-Releases/2_ModelScripts/5_AssignHwy/01_Convert_PA_to_OD.s",307
2,2,"MW[085]","mw[085]","/d/GitHub/WF-TDM-Official-Releases/2_ModelScripts/5_AssignHwy/01_Convert_PA_to_OD.s",302
2,2,"MW[080]","mw[080]","/d/GitHub/WF-TDM-Official-Releases/2_ModelScripts/3_Distribute/1_Distribution.s",3514
2,2,"MW[078]","mw[078]","/d/GitHub/WF-TDM-Official-Releases/2_ModelScripts/5_AssignHwy/01_Convert_PA_to_OD.s",296
2,2,"MW[077]","mw[077]","/d/GitHub/WF-TDM-Official-Releases/2_ModelScripts/5_AssignHwy/01_Convert_PA_to_OD.s",295
2,2,"MW[076]","mw[076]","/d/GitHub/WF-TDM-Official-Releases/2_ModelScripts/5_AssignHwy/01_Convert_PA_to_OD.s",294
2,2,"MW[073]","mw[073]","/d/GitHub/WF-TDM-Official-Releases/2_ModelScripts/3_Distribute/1_Distribution.s",3512
2,2,"MW[068]","mw[068]","/d/GitHub/WF-TDM-Official-Releases/2_ModelScripts/5_AssignHwy/01_Convert_PA_to_OD.s",282
2,2,"MW[067]","mw[067]","/d/GitHub/WF-TDM-Official-Releases/2_ModelScripts/5_AssignHwy/01_Convert_PA_to_OD.s",281
2,2,"MW[065]","mw[065]","/d/GitHub/WF-TDM-Official-Releases/2_ModelScripts/3_Distribute/1_Distribution.s",3509
2,2,"MW[064]","mw[064]","/d/GitHub/WF-TDM-Official-Releases/2_ModelScripts/3_Distribute/1_Distribution.s",3508
2,2,"MW[060]","mw[060]","/d/GitHub/WF-TDM-Official-Releases/2_ModelScripts/3_Distribute/1_Distribution.s",3504
2,2,"MW[059]","mw[059]","/d/GitHub/WF-TDM-Official-Releases/2_ModelScripts/3_Distribute/1_Distribution.s",3503
2,2,"MW[055]","mw[055]","/d/GitHub/WF-TDM-Official-Releases/2_ModelScripts/3_Distribute/1_Distribution.s",3499
2,2,"MW[054]","mw[054]","/d/GitHub/WF-TDM-Official-Releases/2_ModelScripts/3_Distribute/1_Distribution.s",3498
2,2,"MW[053]","mw[053]","/d/GitHub/WF-TDM-Official-Releases/2_ModelScripts/3_Distribute/1_Distribution.s",3497
2,2,"MW[052]","mw[052]","/d/GitHub/WF-TDM-Official-Releases/2_ModelScripts/3_Distribute/1_Distribution.s",3496
2,2,"MW[051]","mw[051]","/d/GitHub/WF-TDM-Official-Releases/2_ModelScripts/3_Distribute/1_Distribution.s",3495
2,2,"MW[048]","mw[048]","/d/GitHub/WF-TDM-Official-Releases/2_ModelScripts/5_AssignHwy/01_Convert_PA_to_OD.s",253
2,2,"MW[047]","mw[047]","/d/GitHub/WF-TDM-Official-Releases/2_ModelScripts/5_AssignHwy/01_Convert_PA_to_OD.s",252
2,2,"MW[045]","mw[045]","/d/GitHub/WF-TDM-Official-Releases/2_ModelScripts/3_Distribute/1_Distribution.s",3490
2,2,"MW[044]","mw[044]","/d/GitHub/WF-TDM-Official-Releases/2_ModelScripts/3_Distribute/1_Distribution.s",3489
2,2,"MW[038]","mw[038]","/d/GitHub/WF-TDM-Official-Releases/2_ModelScripts/5_AssignHwy/01_Convert_PA_to_OD.s",238
2,2,"MW[037]","mw[037]","/d/GitHub/WF-TDM-Official-Releases/2_ModelScripts/5_AssignHwy/01_Convert_PA_to_OD.s",237
2,2,"MW[036]","mw[036]","/d/GitHub/WF-TDM-Official-Releases/2_ModelScripts/5_AssignHwy/01_Convert_PA_to_OD.s",236
2,2,"MW[028]","mw[028]","/d/GitHub/WF-TDM-Official-Releases/2_ModelScripts/5_AssignHwy/01_Convert_PA_to_OD.s",224
2,2,"MW[027]","mw[027]","/d/GitHub/WF-TDM-Official-Releases/2_ModelScripts/5_AssignHwy/01_Convert_PA_to_OD.s",223
2,2,"MW[026]","mw[026]","/d/GitHub/WF-TDM-Official-Releases/2_ModelScripts/5_AssignHwy/01_Convert_PA_to_OD.s",222
2,2,"MW[024]","mw[024]","/d/GitHub/WF-TDM-Official-Releases/2_ModelScripts/3_Distribute/block/4pd_mainbody_distribution.block",764
2,2,"MW[020]","mw[020]","/d/GitHub/WF-TDM-Official-Releases/2_ModelScripts/3_Distribute/block/4pd_mainbody_distribution.block",760
2,2,"MW[018]","mw[018]","/d/GitHub/WF-TDM-Official-Releases/2_ModelScripts/5_AssignHwy/01_Convert_PA_to_OD.s",209
2,2,"MW[017]","mw[017]","/d/GitHub/WF-TDM-Official-Releases/2_ModelScripts/5_AssignHwy/01_Convert_PA_to_OD.s",208
2,2,"MW[015]","mw[015]","/d/GitHub/WF-TDM-Official-Releases/2_ModelScripts/3_Distribute/block/4pd_mainbody_distribution.block",757
2,2,"MODELSTARTTIME","ModelStartTime","/d/GitHub/WF-TDM-Official-Releases/Scenarios/_default/_HailMary.s",9
2,2,"MODELRUNTIME","ModelRunTime","/d/GitHub/WF-TDM-Official-Releases/2_ModelScripts/_TimeStamp_ModelCrashed.block",9
2,2,"MODELENDTIME","ModelEndTime","/d/GitHub/WF-TDM-Official-Releases/2_ModelScripts/_TimeStamp_ModelCrashed.block",8
2,2,"MING","MING","/d/GitHub/WF-TDM-Official-Releases/2_ModelScripts/0_InputProcessing/c_NetworkProcessing/1_NetProcessor.s",1394
2,2,"MD_XX","MD_XX","/d/GitHub/WF-TDM-Official-Releases/2_ModelScripts/3_Distribute/1_Distribution.s",5754
2,2,"MD_XI","MD_XI","/d/GitHub/WF-TDM-Official-Releases/2_ModelScripts/3_Distribute/1_Distribution.s",5753
2,2,"MD_TRK","MD_TRK","/d/GitHub/WF-TDM-Official-Releases/2_ModelScripts/3_Distribute/1_Distribution.s",5615
2,2,"MD_TOT_PUR","MD_TOT_PUR","/d/GitHub/WF-TDM-Official-Releases/2_ModelScripts/3_Distribute/1_Distribution.s",5761
2,2,"MD_SMD","MD_SMD","/d/GitHub/WF-TDM-Official-Releases/2_ModelScripts/3_Distribute/1_Distribution.s",5756
2,2,"MD_SLT","MD_SLT","/d/GitHub/WF-TDM-Official-Releases/2_ModelScripts/3_Distribute/1_Distribution.s",5755
2,2,"MD_SHV","MD_SHV","/d/GitHub/WF-TDM-Official-Releases/2_ModelScripts/3_Distribute/1_Distribution.s",5757
2,2,"MD_PER","MD_PER","/d/GitHub/WF-TDM-Official-Releases/2_ModelScripts/3_Distribute/1_Distribution.s",5600
2,2,"MD_LMD","MD_LMD","/d/GitHub/WF-TDM-Official-Releases/2_ModelScripts/3_Distribute/1_Distribution.s",5758
2,2,"MD_LHV","MD_LHV","/d/GitHub/WF-TDM-Official-Releases/2_ModelScripts/3_Distribute/1_Distribution.s",5759
2,2,"MD_IX","MD_IX","/d/GitHub/WF-TDM-Official-Releases/2_ModelScripts/3_Distribute/1_Distribution.s",5752
2,2,"MD_HBS_S","MD_HBS_S","/d/GitHub/WF-TDM-Official-Releases/2_ModelScripts/3_Distribute/1_Distribution.s",5748
2,2,"MD_HBS_P","MD_HBS_P","/d/GitHub/WF-TDM-Official-Releases/2_ModelScripts/3_Distribute/1_Distribution.s",5747
2,2,"MD_HBC","MD_HBC","/d/GitHub/WF-TDM-Official-Releases/2_ModelScripts/3_Distribute/1_Distribution.s",5749
2,2,"MD_EXT","MD_EXT","/d/GitHub/WF-TDM-Official-Releases/2_ModelScripts/3_Distribute/1_Distribution.s",5609
2,2,"MD_CV","MD_CV","/d/GitHub/WF-TDM-Official-Releases/2_ModelScripts/3_Distribute/1_Distribution.s",5613
2,2,"MAX_DISTMED","max_DISTMED","/d/GitHub/WF-TDM-Official-Releases/2_ModelScripts/3_Distribute/3_SumToDistricts_GRAVITY.s",37
2,2,"MAX_DISTLRG","max_DISTLRG","/d/GitHub/WF-TDM-Official-Releases/2_ModelScripts/3_Distribute/3_SumToDistricts_GRAVITY.s",36
2,2,"MATI[7]","MATI[7]","/d/GitHub/WF-TDM-Official-Releases/2_ModelScripts/4_ModeChoice/07_HBW_dest_choice.s",533
2,2,"MANU","MANU","/d/GitHub/WF-TDM-Official-Releases/2_ModelScripts/0_InputProcessing/c_NetworkProcessing/1_NetProcessor.s",1387
2,2,"LW.HOTLN_VMT","lw.HOTLn_VMT","/d/GitHub/WF-TDM-Official-Releases/2_ModelScripts/5_AssignHwy/block/4pd_mainbody_managedlanes.block",316
2,2,"LU_INDEX","lu_index","/d/GitHub/WF-TDM-Official-Releases/2_ModelScripts/1_HHDisag_AutoOwn/1_LifeCycle.s",135
2,2,"LANES[SEG_IDX][DIR_IDX][FUNGRP_IDX][IDX_LANES]","LANES[Seg_Idx][Dir_Idx][FunGrp_Idx][idx_LANES]","/d/GitHub/WF-TDM-Official-Releases/2_ModelScripts/3_Distribute/5_SegmentSummary_Dist.s",207
2,2,"INTRAZONAL_NHB_WE","intrazonal_NHB_WE","/d/GitHub/WF-TDM-Official-Releases/2_ModelScripts/3_Distribute/1_Distribution.s",7621
2,2,"INTRAZONAL_NHB_UT","intrazonal_NHB_UT","/d/GitHub/WF-TDM-Official-Releases/2_ModelScripts/3_Distribute/1_Distribution.s",7651
2,2,"INTRAZONAL_NHB_SL","intrazonal_NHB_SL","/d/GitHub/WF-TDM-Official-Releases/2_ModelScripts/3_Distribute/1_Distribution.s",7641
2,2,"INTRAZONAL_NHB_RE","intrazonal_NHB_RE","/d/GitHub/WF-TDM-Official-Releases/2_ModelScripts/3_Distribute/1_Distribution.s",7691
2,2,"INTRAZONAL_NHB_DA","intrazonal_NHB_DA","/d/GitHub/WF-TDM-Official-Releases/2_ModelScripts/3_Distribute/1_Distribution.s",7631
2,2,"INTRAZONAL_NHB_BE","intrazonal_NHB_BE","/d/GitHub/WF-TDM-Official-Releases/2_ModelScripts/3_Distribute/1_Distribution.s",7611
2,2,"INTRAZONAL_HBW_WE","intrazonal_HBW_WE","/d/GitHub/WF-TDM-Official-Releases/2_ModelScripts/3_Distribute/1_Distribution.s",7619
2,2,"INTRAZONAL_HBW_UT","intrazonal_HBW_UT","/d/GitHub/WF-TDM-Official-Releases/2_ModelScripts/3_Distribute/1_Distribution.s",7649
2,2,"INTRAZONAL_HBW_SL","intrazonal_HBW_SL","/d/GitHub/WF-TDM-Official-Releases/2_ModelScripts/3_Distribute/1_Distribution.s",7639
2,2,"INTRAZONAL_HBW_RE","intrazonal_HBW_RE","/d/GitHub/WF-TDM-Official-Releases/2_ModelScripts/3_Distribute/1_Distribution.s",7679
2,2,"INTRAZONAL_HBW_DA","intrazonal_HBW_DA","/d/GitHub/WF-TDM-Official-Releases/2_ModelScripts/3_Distribute/1_Distribution.s",7629
2,2,"INTRAZONAL_HBW_BE","intrazonal_HBW_BE","/d/GitHub/WF-TDM-Official-Releases/2_ModelScripts/3_Distribute/1_Distribution.s",7609
2,2,"INTRAZONAL_HBO_WE","intrazonal_HBO_WE","/d/GitHub/WF-TDM-Official-Releases/2_ModelScripts/3_Distribute/1_Distribution.s",7620
2,2,"INTRAZONAL_HBO_UT","intrazonal_HBO_UT","/d/GitHub/WF-TDM-Official-Releases/2_ModelScripts/3_Distribute/1_Distribution.s",7650
2,2,"INTRAZONAL_HBO_SL","intrazonal_HBO_SL","/d/GitHub/WF-TDM-Official-Releases/2_ModelScripts/3_Distribute/1_Distribution.s",7640
2,2,"INTRAZONAL_HBO_RE","intrazonal_HBO_RE","/d/GitHub/WF-TDM-Official-Releases/2_ModelScripts/3_Distribute/1_Distribution.s",7685
2,2,"INTRAZONAL_HBO_DA","intrazonal_HBO_DA","/d/GitHub/WF-TDM-Official-Releases/2_ModelScripts/3_Distribute/1_Distribution.s",7630
2,2,"INTRAZONAL_HBO_BE","intrazonal_HBO_BE","/d/GitHub/WF-TDM-Official-Releases/2_ModelScripts/3_Distribute/1_Distribution.s",7610
2,2,"INDEX","index","/d/GitHub/WF-TDM-Official-Releases/2_ModelScripts/0_InputProcessing/c_NetworkProcessing/3_TurnPenalty.s",49
2,2,"INDEMP","INDEMP","/d/GitHub/WF-TDM-Official-Releases/2_ModelScripts/0_InputProcessing/c_NetworkProcessing/1_NetProcessor.s",1382
2,2,"IDX_SUBAREAID","idx_SUBAREAID","/d/GitHub/WF-TDM-Official-Releases/2_ModelScripts/3_Distribute/5_SegmentSummary_Dist.s",189
2,2,"IDX_SFF","idx_SFF","/d/GitHub/WF-TDM-Official-Releases/2_ModelScripts/3_Distribute/5_SegmentSummary_Dist.s",194
2,2,"IDX_LANES","idx_LANES","/d/GitHub/WF-TDM-Official-Releases/2_ModelScripts/3_Distribute/5_SegmentSummary_Dist.s",192
2,2,"IDX_FT","idx_FT","/d/GitHub/WF-TDM-Official-Releases/2_ModelScripts/3_Distribute/5_SegmentSummary_Dist.s",193
2,2,"IDX_CO_FIPS","idx_CO_FIPS","/d/GitHub/WF-TDM-Official-Releases/2_ModelScripts/3_Distribute/5_SegmentSummary_Dist.s",191
2,2,"IDX_AREATYPE","idx_AREATYPE","/d/GitHub/WF-TDM-Official-Releases/2_ModelScripts/3_Distribute/5_SegmentSummary_Dist.s",190
2,2,"HOT_CHRGPM","HOT_CHRGPM","/d/GitHub/WF-TDM-Official-Releases/2_ModelScripts/3_Distribute/1_Distribution.s",280
2,2,"HOT_CHRGMD","HOT_CHRGMD","/d/GitHub/WF-TDM-Official-Releases/2_ModelScripts/3_Distribute/1_Distribution.s",279
2,2,"HOT_CHRGEV","HOT_CHRGEV","/d/GitHub/WF-TDM-Official-Releases/2_ModelScripts/3_Distribute/1_Distribution.s",281
2,2,"HOT_CHRGAM","HOT_CHRGAM","/d/GitHub/WF-TDM-Official-Releases/2_ModelScripts/3_Distribute/1_Distribution.s",278
2,2,"HLTH","HLTH","/d/GitHub/WF-TDM-Official-Releases/2_ModelScripts/0_InputProcessing/c_NetworkProcessing/1_NetProcessor.s",1391
2,2,"GVED","GVED","/d/GitHub/WF-TDM-Official-Releases/2_ModelScripts/0_InputProcessing/c_NetworkProcessing/1_NetProcessor.s",1390
2,2,"GAPVAL","GapVal","/d/GitHub/WF-TDM-Official-Releases/2_ModelScripts/0_InputProcessing/a_Setup/1_InputSetup.s",281
2,2,"FT[SEG_IDX][DIR_IDX][FUNGRP_IDX][IDX_FT]","FT[Seg_Idx][Dir_Idx][FunGrp_Idx][idx_FT]","/d/GitHub/WF-TDM-Official-Releases/2_ModelScripts/3_Distribute/5_SegmentSummary_Dist.s",208
2,2,"FOOD","FOOD","/d/GitHub/WF-TDM-Official-Releases/2_ModelScripts/0_InputProcessing/c_NetworkProcessing/1_NetProcessor.s",1386
2,2,"FF_RAMPPEN","FF_RampPen","/d/GitHub/WF-TDM-Official-Releases/2_ModelScripts/0_InputProcessing/c_NetworkProcessing/1_NetProcessor.s",1084
2,2,"EV_XX","EV_XX","/d/GitHub/WF-TDM-Official-Releases/2_ModelScripts/3_Distribute/1_Distribution.s",5824
2,2,"EV_XI","EV_XI","/d/GitHub/WF-TDM-Official-Releases/2_ModelScripts/3_Distribute/1_Distribution.s",5823
2,2,"EV_TRK","EV_TRK","/d/GitHub/WF-TDM-Official-Releases/2_ModelScripts/3_Distribute/1_Distribution.s",5667
2,2,"EV_TOT_PUR","EV_TOT_PUR","/d/GitHub/WF-TDM-Official-Releases/2_ModelScripts/3_Distribute/1_Distribution.s",5831
2,2,"EV_SMD","EV_SMD","/d/GitHub/WF-TDM-Official-Releases/2_ModelScripts/3_Distribute/1_Distribution.s",5826
2,2,"EV_SLT","EV_SLT","/d/GitHub/WF-TDM-Official-Releases/2_ModelScripts/3_Distribute/1_Distribution.s",5825
2,2,"EV_SHV","EV_SHV","/d/GitHub/WF-TDM-Official-Releases/2_ModelScripts/3_Distribute/1_Distribution.s",5827
2,2,"EV_PER","EV_PER","/d/GitHub/WF-TDM-Official-Releases/2_ModelScripts/3_Distribute/1_Distribution.s",5652
2,2,"EV_LMD","EV_LMD","/d/GitHub/WF-TDM-Official-Releases/2_ModelScripts/3_Distribute/1_Distribution.s",5828
2,2,"EV_LHV","EV_LHV","/d/GitHub/WF-TDM-Official-Releases/2_ModelScripts/3_Distribute/1_Distribution.s",5829
2,2,"EV_IX","EV_IX","/d/GitHub/WF-TDM-Official-Releases/2_ModelScripts/3_Distribute/1_Distribution.s",5822
2,2,"EV_HBS_S","EV_HBS_S","/d/GitHub/WF-TDM-Official-Releases/2_ModelScripts/3_Distribute/1_Distribution.s",5818
2,2,"EV_HBS_P","EV_HBS_P","/d/GitHub/WF-TDM-Official-Releases/2_ModelScripts/3_Distribute/1_Distribution.s",5817
2,2,"EV_HBC","EV_HBC","/d/GitHub/WF-TDM-Official-Releases/2_ModelScripts/3_Distribute/1_Distribution.s",5819
2,2,"EV_EXT","EV_EXT","/d/GitHub/WF-TDM-Official-Releases/2_ModelScripts/3_Distribute/1_Distribution.s",5661
2,2,"EV_CV","EV_CV","/d/GitHub/WF-TDM-Official-Releases/2_ModelScripts/3_Distribute/1_Distribution.s",5665
2,2,"DY_XX","DY_XX","/d/GitHub/WF-TDM-Official-Releases/2_ModelScripts/3_Distribute/1_Distribution.s",5859
2,2,"DY_XI","DY_XI","/d/GitHub/WF-TDM-Official-Releases/2_ModelScripts/3_Distribute/1_Distribution.s",5858
2,2,"DY_TRK","DY_TRK","/d/GitHub/WF-TDM-Official-Releases/2_ModelScripts/3_Distribute/1_Distribution.s",5693
2,2,"DY_TOT_PUR","DY_TOT_PUR","/d/GitHub/WF-TDM-Official-Releases/2_ModelScripts/3_Distribute/1_Distribution.s",5866
2,2,"DY_SMD","DY_SMD","/d/GitHub/WF-TDM-Official-Releases/2_ModelScripts/3_Distribute/1_Distribution.s",5861
2,2,"DY_SLT","DY_SLT","/d/GitHub/WF-TDM-Official-Releases/2_ModelScripts/3_Distribute/1_Distribution.s",5860
2,2,"DY_SHV","DY_SHV","/d/GitHub/WF-TDM-Official-Releases/2_ModelScripts/3_Distribute/1_Distribution.s",5862
2,2,"DY_PER","DY_PER","/d/GitHub/WF-TDM-Official-Releases/2_ModelScripts/3_Distribute/1_Distribution.s",5678
2,2,"DY_LMD","DY_LMD","/d/GitHub/WF-TDM-Official-Releases/2_ModelScripts/3_Distribute/1_Distribution.s",5863
2,2,"DY_LHV","DY_LHV","/d/GitHub/WF-TDM-Official-Releases/2_ModelScripts/3_Distribute/1_Distribution.s",5864
2,2,"DY_IX","DY_IX","/d/GitHub/WF-TDM-Official-Releases/2_ModelScripts/3_Distribute/1_Distribution.s",5857
2,2,"DY_HBS_S","DY_HBS_S","/d/GitHub/WF-TDM-Official-Releases/2_ModelScripts/3_Distribute/1_Distribution.s",5853
2,2,"DY_HBS_P","DY_HBS_P","/d/GitHub/WF-TDM-Official-Releases/2_ModelScripts/3_Distribute/1_Distribution.s",5852
2,2,"DY_HBC","DY_HBC","/d/GitHub/WF-TDM-Official-Releases/2_ModelScripts/3_Distribute/1_Distribution.s",5854
2,2,"DY_EXT","DY_EXT","/d/GitHub/WF-TDM-Official-Releases/2_ModelScripts/3_Distribute/1_Distribution.s",5683
2,2,"DY_CV","DY_CV","/d/GitHub/WF-TDM-Official-Releases/2_ModelScripts/3_Distribute/1_Distribution.s",5688
2,2,"DIST_1DIR[SEG_IDX][DIR_IDX][FUNGRP_IDX]","Dist_1Dir[Seg_Idx][Dir_Idx][FunGrp_Idx]","/d/GitHub/WF-TDM-Official-Releases/2_ModelScripts/3_Distribute/5_SegmentSummary_Dist.s",216
2,2,"DAMP","damp","/d/GitHub/WF-TDM-Official-Releases/2_ModelScripts/4_ModeChoice/block/HBW_HBO_update_constants.block",83
2,2,"DACOUNTY_CRT","daCounty_CRT","/d/GitHub/WF-TDM-Official-Releases/2_ModelScripts/4_ModeChoice/block/HBW_HBO_calculate_utilities.block",23
2,2,"CONS","CONS","/d/GitHub/WF-TDM-Official-Releases/2_ModelScripts/0_InputProcessing/c_NetworkProcessing/1_NetProcessor.s",1395
2,2,"CO_FIPS[SEG_IDX][IDX_CO_FIPS]","CO_FIPS[Seg_Idx][idx_CO_FIPS]","/d/GitHub/WF-TDM-Official-Releases/2_ModelScripts/3_Distribute/5_SegmentSummary_Dist.s",205
2,2,"CHK_NUMREC","chk_numrec","/d/GitHub/WF-TDM-Official-Releases/2_ModelScripts/3_Distribute/5_SegmentSummary_Dist.s",119
2,2,"CHECK_GAP","check_Gap","/d/GitHub/WF-TDM-Official-Releases/2_ModelScripts/0_InputProcessing/a_Setup/1_InputSetup.s",296
2,2,"CHECK_DUPLICATE","check_Duplicate","/d/GitHub/WF-TDM-Official-Releases/2_ModelScripts/0_InputProcessing/a_Setup/1_InputSetup.s",329
2,2,"CAP1HR1LN[SEG_IDX][DIR_IDX][FUNGRP_IDX]","CAP1HR1LN[Seg_Idx][Dir_Idx][FunGrp_Idx]","/d/GitHub/WF-TDM-Official-Releases/2_ModelScripts/3_Distribute/5_SegmentSummary_Dist.s",214
2,2,"CALIBFAC_TEL","CalibFac_Tel","/d/GitHub/WF-TDM-Official-Releases/2_ModelScripts/2_TripGen/1_TripGen.s",816
2,2,"BYPURP____","byPURP____","/d/GitHub/WF-TDM-Official-Releases/2_ModelScripts/3_Distribute/1_Distribution.s",5706
2,2,"BYGENPURP_","byGenPurp_","/d/GitHub/WF-TDM-Official-Releases/2_ModelScripts/3_Distribute/1_Distribution.s",5571
2,2,"BEGTIME_TG","BegTime_TG","/d/GitHub/WF-TDM-Official-Releases/Scenarios/_default/_HailMary.s",81
2,2,"BEGTIME_RM","BegTime_RM","/d/GitHub/WF-TDM-Official-Releases/Scenarios/_default/_HailMary.s",174
2,2,"BEGTIME_PP","BegTime_PP","/d/GitHub/WF-TDM-Official-Releases/Scenarios/_default/_HailMary.s",194
2,2,"BEGTIME_MC","BegTime_MC","/d/GitHub/WF-TDM-Official-Releases/Scenarios/_default/_HailMary.s",116
2,2,"BEGTIME_IP","BegTime_IP","/d/GitHub/WF-TDM-Official-Releases/Scenarios/_default/_HailMary.s",28
2,2,"BEGTIME_DS","BegTime_DS","/d/GitHub/WF-TDM-Official-Releases/Scenarios/_default/_HailMary.s",95
2,2,"BEGTIME_AS","BegTime_AS","/d/GitHub/WF-TDM-Official-Releases/Scenarios/_default/_HailMary.s",151
2,2,"BEGTIME_AO","BegTime_AO","/d/GitHub/WF-TDM-Official-Releases/Scenarios/_default/_HailMary.s",65
2,2,"ASC_WCOR","asc_wCOR","/d/GitHub/WF-TDM-Official-Releases/2_ModelScripts/4_ModeChoice/block/HBW_HBO_calculate_utilities.block",18
2,2,"ASC_DCOR","asc_dCOR","/d/GitHub/WF-TDM-Official-Releases/2_ModelScripts/4_ModeChoice/block/HBW_HBO_calculate_utilities.block",19
2,2,"ASC_COR","asc_COR","/d/GitHub/WF-TDM-Official-Releases/2_ModelScripts/4_ModeChoice/block/HBW_HBO_calculate_utilities.block",17
2,2,"AREATYPE[SEG_IDX][IDX_AREATYPE]","AREATYPE[Seg_Idx][idx_AREATYPE]","/d/GitHub/WF-TDM-Official-Releases/2_ModelScripts/3_Distribute/5_SegmentSummary_Dist.s",204
2,2,"AM_XX","AM_XX","/d/GitHub/WF-TDM-Official-Releases/2_ModelScripts/3_Distribute/1_Distribution.s",5719
2,2,"AM_XI","AM_XI","/d/GitHub/WF-TDM-Official-Releases/2_ModelScripts/3_Distribute/1_Distribution.s",5718
2,2,"AM_TRK","AM_TRK","/d/GitHub/WF-TDM-Official-Releases/2_ModelScripts/3_Distribute/1_Distribution.s",5589
2,2,"AM_TOT_PUR","AM_TOT_PUR","/d/GitHub/WF-TDM-Official-Releases/2_ModelScripts/3_Distribute/1_Distribution.s",5726
2,2,"AM_SMD","AM_SMD","/d/GitHub/WF-TDM-Official-Releases/2_ModelScripts/3_Distribute/1_Distribution.s",5721
2,2,"AM_SLT","AM_SLT","/d/GitHub/WF-TDM-Official-Releases/2_ModelScripts/3_Distribute/1_Distribution.s",5720
2,2,"AM_SHV","AM_SHV","/d/GitHub/WF-TDM-Official-Releases/2_ModelScripts/3_Distribute/1_Distribution.s",5722
2,2,"AM_PER","AM_PER","/d/GitHub/WF-TDM-Official-Releases/2_ModelScripts/3_Distribute/1_Distribution.s",5574
2,2,"AM_LMD","AM_LMD","/d/GitHub/WF-TDM-Official-Releases/2_ModelScripts/3_Distribute/1_Distribution.s",5723
2,2,"AM_LHV","AM_LHV","/d/GitHub/WF-TDM-Official-Releases/2_ModelScripts/3_Distribute/1_Distribution.s",5724
2,2,"AM_IX","AM_IX","/d/GitHub/WF-TDM-Official-Releases/2_ModelScripts/3_Distribute/1_Distribution.s",5717
2,2,"AM_HBS_S","AM_HBS_S","/d/GitHub/WF-TDM-Official-Releases/2_ModelScripts/3_Distribute/1_Distribution.s",5713
2,2,"AM_HBS_P","AM_HBS_P","/d/GitHub/WF-TDM-Official-Releases/2_ModelScripts/3_Distribute/1_Distribution.s",5712
2,2,"AM_HBC","AM_HBC","/d/GitHub/WF-TDM-Official-Releases/2_ModelScripts/3_Distribute/1_Distribution.s",5714
2,2,"AM_EXT","AM_EXT","/d/GitHub/WF-TDM-Official-Releases/2_ModelScripts/3_Distribute/1_Distribution.s",5583
2,2,"AM_CV","AM_CV","/d/GitHub/WF-TDM-Official-Releases/2_ModelScripts/3_Distribute/1_Distribution.s",5587
2,2,"ALLEMP","ALLEMP","/d/GitHub/WF-TDM-Official-Releases/2_ModelScripts/0_InputProcessing/c_NetworkProcessing/1_NetProcessor.s",1384
2,2,"ALL_BRT","all_BRT","/d/GitHub/WF-TDM-Official-Releases/2_ModelScripts/4_ModeChoice/block/HBW_HBO_calculate_utilities.block",24
2,2,"AGRI","AGRI","/d/GitHub/WF-TDM-Official-Releases/2_ModelScripts/0_InputProcessing/c_NetworkProcessing/1_NetProcessor.s",1393
2,2,"A_NHB_DA","A_NHB_DA","/d/GitHub/WF-TDM-Official-Releases/2_ModelScripts/4_ModeChoice/13_vizTool_TripsByMode.s",424
2,2,"A_NHB_ALL","A_NHB_all","/d/GitHub/WF-TDM-Official-Releases/2_ModelScripts/4_ModeChoice/13_vizTool_TripsByMode.s",455
2,2,"A_HBW_DA","A_HBW_DA","/d/GitHub/WF-TDM-Official-Releases/2_ModelScripts/4_ModeChoice/13_vizTool_TripsByMode.s",290
2,2,"A_HBW_ALL","A_HBW_all","/d/GitHub/WF-TDM-Official-Releases/2_ModelScripts/4_ModeChoice/13_vizTool_TripsByMode.s",321
2,2,"A_HBO_DA","A_HBO_DA","/d/GitHub/WF-TDM-Official-Releases/2_ModelScripts/4_ModeChoice/13_vizTool_TripsByMode.s",357
2,2,"A_HBO_ALL","A_HBO_all","/d/GitHub/WF-TDM-Official-Releases/2_ModelScripts/4_ModeChoice/13_vizTool_TripsByMode.s",388
2,2,"_PM_XX","_PM_XX","/d/GitHub/WF-TDM-Official-Releases/2_ModelScripts/3_Distribute/1_Distribution.s",5065
2,2,"_PM_XI","_PM_XI","/d/GitHub/WF-TDM-Official-Releases/2_ModelScripts/3_Distribute/1_Distribution.s",5064
2,2,"_PM_TRK_MD","_PM_Trk_MD","/d/GitHub/WF-TDM-Official-Releases/2_ModelScripts/3_Distribute/1_Distribution.s",5187
2,2,"_PM_TRK_HV","_PM_Trk_HV","/d/GitHub/WF-TDM-Official-Releases/2_ModelScripts/3_Distribute/1_Distribution.s",5193
2,2,"_PM_SMD","_PM_SMD","/d/GitHub/WF-TDM-Official-Releases/2_ModelScripts/3_Distribute/1_Distribution.s",5067
2,2,"_PM_SLT","_PM_SLT","/d/GitHub/WF-TDM-Official-Releases/2_ModelScripts/3_Distribute/1_Distribution.s",5066
2,2,"_PM_SHV","_PM_SHV","/d/GitHub/WF-TDM-Official-Releases/2_ModelScripts/3_Distribute/1_Distribution.s",5068
2,2,"_PM_LMD","_PM_LMD","/d/GitHub/WF-TDM-Official-Releases/2_ModelScripts/3_Distribute/1_Distribution.s",5069
2,2,"_PM_LHV","_PM_LHV","/d/GitHub/WF-TDM-Official-Releases/2_ModelScripts/3_Distribute/1_Distribution.s",5070
2,2,"_PM_IX","_PM_IX","/d/GitHub/WF-TDM-Official-Releases/2_ModelScripts/3_Distribute/1_Distribution.s",5063
2,2,"_PM_HBW_PA","_PM_HBW_PA","/d/GitHub/WF-TDM-Official-Releases/2_ModelScripts/5_AssignHwy/01_Convert_PA_to_OD.s",375
2,2,"_PM_HBW_AP","_PM_HBW_AP","/d/GitHub/WF-TDM-Official-Releases/2_ModelScripts/5_AssignHwy/01_Convert_PA_to_OD.s",380
2,2,"_PM_HBSCH_SC","_PM_HBSch_Sc","/d/GitHub/WF-TDM-Official-Releases/2_ModelScripts/3_Distribute/1_Distribution.s",5059
2,2,"_PM_HBSCH_PR","_PM_HBSch_Pr","/d/GitHub/WF-TDM-Official-Releases/2_ModelScripts/3_Distribute/1_Distribution.s",5058
2,2,"_PM_HBSCH_PA","_PM_HBSch_PA","/d/GitHub/WF-TDM-Official-Releases/2_ModelScripts/5_AssignHwy/01_Convert_PA_to_OD.s",411
2,2,"_PM_HBSCH_AP","_PM_HBSch_AP","/d/GitHub/WF-TDM-Official-Releases/2_ModelScripts/5_AssignHwy/01_Convert_PA_to_OD.s",416
2,2,"_PM_HBO_PA","_PM_HBO_PA","/d/GitHub/WF-TDM-Official-Releases/2_ModelScripts/5_AssignHwy/01_Convert_PA_to_OD.s",376
2,2,"_PM_HBO_AP","_PM_HBO_AP","/d/GitHub/WF-TDM-Official-Releases/2_ModelScripts/5_AssignHwy/01_Convert_PA_to_OD.s",381
2,2,"_PM_HBC_PA","_PM_HBC_PA","/d/GitHub/WF-TDM-Official-Releases/2_ModelScripts/5_AssignHwy/01_Convert_PA_to_OD.s",378
2,2,"_PM_HBC_AP","_PM_HBC_AP","/d/GitHub/WF-TDM-Official-Releases/2_ModelScripts/5_AssignHwy/01_Convert_PA_to_OD.s",383
2,2,"_PM_2W_XX","_PM_2w_XX","/d/GitHub/WF-TDM-Official-Releases/2_ModelScripts/3_Distribute/1_Distribution.s",5147
2,2,"_PM_2W_XI","_PM_2w_XI","/d/GitHub/WF-TDM-Official-Releases/2_ModelScripts/3_Distribute/1_Distribution.s",5146
2,2,"_PM_2W_SMD","_PM_2w_SMD","/d/GitHub/WF-TDM-Official-Releases/2_ModelScripts/3_Distribute/1_Distribution.s",5149
2,2,"_PM_2W_SLT","_PM_2w_SLT","/d/GitHub/WF-TDM-Official-Releases/2_ModelScripts/3_Distribute/1_Distribution.s",5148
2,2,"_PM_2W_SHV","_PM_2w_SHV","/d/GitHub/WF-TDM-Official-Releases/2_ModelScripts/3_Distribute/1_Distribution.s",5150
2,2,"_PM_2W_LMD","_PM_2w_LMD","/d/GitHub/WF-TDM-Official-Releases/2_ModelScripts/3_Distribute/1_Distribution.s",5151
2,2,"_PM_2W_LHV","_PM_2w_LHV","/d/GitHub/WF-TDM-Official-Releases/2_ModelScripts/3_Distribute/1_Distribution.s",5152
2,2,"_PM_2W_IX","_PM_2w_IX","/d/GitHub/WF-TDM-Official-Releases/2_ModelScripts/3_Distribute/1_Distribution.s",5145
2,2,"_MD_XX","_MD_XX","/d/GitHub/WF-TDM-Official-Releases/2_ModelScripts/3_Distribute/1_Distribution.s",5045
2,2,"_MD_XI","_MD_XI","/d/GitHub/WF-TDM-Official-Releases/2_ModelScripts/3_Distribute/1_Distribution.s",5044
2,2,"_MD_TRK_MD","_MD_Trk_MD","/d/GitHub/WF-TDM-Official-Releases/2_ModelScripts/3_Distribute/1_Distribution.s",5186
2,2,"_MD_TRK_HV","_MD_Trk_HV","/d/GitHub/WF-TDM-Official-Releases/2_ModelScripts/3_Distribute/1_Distribution.s",5192
2,2,"_MD_SMD","_MD_SMD","/d/GitHub/WF-TDM-Official-Releases/2_ModelScripts/3_Distribute/1_Distribution.s",5047
2,2,"_MD_SLT","_MD_SLT","/d/GitHub/WF-TDM-Official-Releases/2_ModelScripts/3_Distribute/1_Distribution.s",5046
2,2,"_MD_SHV","_MD_SHV","/d/GitHub/WF-TDM-Official-Releases/2_ModelScripts/3_Distribute/1_Distribution.s",5048
2,2,"_MD_LMD","_MD_LMD","/d/GitHub/WF-TDM-Official-Releases/2_ModelScripts/3_Distribute/1_Distribution.s",5049
2,2,"_MD_LHV","_MD_LHV","/d/GitHub/WF-TDM-Official-Releases/2_ModelScripts/3_Distribute/1_Distribution.s",5050
2,2,"_MD_IX","_MD_IX","/d/GitHub/WF-TDM-Official-Releases/2_ModelScripts/3_Distribute/1_Distribution.s",5043
2,2,"_MD_HBW_PA","_MD_HBW_PA","/d/GitHub/WF-TDM-Official-Releases/2_ModelScripts/5_AssignHwy/01_Convert_PA_to_OD.s",386
2,2,"_MD_HBW_AP","_MD_HBW_AP","/d/GitHub/WF-TDM-Official-Releases/2_ModelScripts/5_AssignHwy/01_Convert_PA_to_OD.s",391
2,2,"_MD_HBSCH_SC","_MD_HBSch_Sc","/d/GitHub/WF-TDM-Official-Releases/2_ModelScripts/3_Distribute/1_Distribution.s",5039
2,2,"_MD_HBSCH_PR","_MD_HBSch_Pr","/d/GitHub/WF-TDM-Official-Releases/2_ModelScripts/3_Distribute/1_Distribution.s",5038
2,2,"_MD_HBSCH_PA","_MD_HBSch_PA","/d/GitHub/WF-TDM-Official-Releases/2_ModelScripts/5_AssignHwy/01_Convert_PA_to_OD.s",410
2,2,"_MD_HBSCH_AP","_MD_HBSch_AP","/d/GitHub/WF-TDM-Official-Releases/2_ModelScripts/5_AssignHwy/01_Convert_PA_to_OD.s",415
2,2,"_MD_HBO_PA","_MD_HBO_PA","/d/GitHub/WF-TDM-Official-Releases/2_ModelScripts/5_AssignHwy/01_Convert_PA_to_OD.s",387
2,2,"_MD_HBO_AP","_MD_HBO_AP","/d/GitHub/WF-TDM-Official-Releases/2_ModelScripts/5_AssignHwy/01_Convert_PA_to_OD.s",392
2,2,"_MD_HBC_PA","_MD_HBC_PA","/d/GitHub/WF-TDM-Official-Releases/2_ModelScripts/5_AssignHwy/01_Convert_PA_to_OD.s",389
2,2,"_MD_HBC_AP","_MD_HBC_AP","/d/GitHub/WF-TDM-Official-Releases/2_ModelScripts/5_AssignHwy/01_Convert_PA_to_OD.s",394
2,2,"_MD_2W_XX","_MD_2w_XX","/d/GitHub/WF-TDM-Official-Releases/2_ModelScripts/3_Distribute/1_Distribution.s",5127
2,2,"_MD_2W_XI","_MD_2w_XI","/d/GitHub/WF-TDM-Official-Releases/2_ModelScripts/3_Distribute/1_Distribution.s",5126
2,2,"_MD_2W_SMD","_MD_2w_SMD","/d/GitHub/WF-TDM-Official-Releases/2_ModelScripts/3_Distribute/1_Distribution.s",5129
2,2,"_MD_2W_SLT","_MD_2w_SLT","/d/GitHub/WF-TDM-Official-Releases/2_ModelScripts/3_Distribute/1_Distribution.s",5128
2,2,"_MD_2W_SHV","_MD_2w_SHV","/d/GitHub/WF-TDM-Official-Releases/2_ModelScripts/3_Distribute/1_Distribution.s",5130
2,2,"_MD_2W_LMD","_MD_2w_LMD","/d/GitHub/WF-TDM-Official-Releases/2_ModelScripts/3_Distribute/1_Distribution.s",5131
2,2,"_MD_2W_LHV","_MD_2w_LHV","/d/GitHub/WF-TDM-Official-Releases/2_ModelScripts/3_Distribute/1_Distribution.s",5132
2,2,"_MD_2W_IX","_MD_2w_IX","/d/GitHub/WF-TDM-Official-Releases/2_ModelScripts/3_Distribute/1_Distribution.s",5125
2,2,"_INI_TOLL","_Ini_Toll","/d/GitHub/WF-TDM-Official-Releases/2_ModelScripts/5_AssignHwy/block/4pd_mainbody_managedlanes.block",392
2,2,"_HOTZONE_VOL[_HOTZONEIDX]","_HOTZone_Vol[_HOTZoneIdx]","/d/GitHub/WF-TDM-Official-Releases/2_ModelScripts/5_AssignHwy/block/4pd_mainbody_managedlanes.block",334
2,2,"_EV_XX","_EV_XX","/d/GitHub/WF-TDM-Official-Releases/2_ModelScripts/3_Distribute/1_Distribution.s",5085
2,2,"_EV_XI","_EV_XI","/d/GitHub/WF-TDM-Official-Releases/2_ModelScripts/3_Distribute/1_Distribution.s",5084
2,2,"_EV_TRK_MD","_EV_Trk_MD","/d/GitHub/WF-TDM-Official-Releases/2_ModelScripts/3_Distribute/1_Distribution.s",5188
2,2,"_EV_TRK_HV","_EV_Trk_HV","/d/GitHub/WF-TDM-Official-Releases/2_ModelScripts/3_Distribute/1_Distribution.s",5194
2,2,"_EV_SMD","_EV_SMD","/d/GitHub/WF-TDM-Official-Releases/2_ModelScripts/3_Distribute/1_Distribution.s",5087
2,2,"_EV_SLT","_EV_SLT","/d/GitHub/WF-TDM-Official-Releases/2_ModelScripts/3_Distribute/1_Distribution.s",5086
2,2,"_EV_SHV","_EV_SHV","/d/GitHub/WF-TDM-Official-Releases/2_ModelScripts/3_Distribute/1_Distribution.s",5088
2,2,"_EV_LMD","_EV_LMD","/d/GitHub/WF-TDM-Official-Releases/2_ModelScripts/3_Distribute/1_Distribution.s",5089
2,2,"_EV_LHV","_EV_LHV","/d/GitHub/WF-TDM-Official-Releases/2_ModelScripts/3_Distribute/1_Distribution.s",5090
2,2,"_EV_IX","_EV_IX","/d/GitHub/WF-TDM-Official-Releases/2_ModelScripts/3_Distribute/1_Distribution.s",5083
2,2,"_EV_HBW_PA","_EV_HBW_PA","/d/GitHub/WF-TDM-Official-Releases/2_ModelScripts/5_AssignHwy/01_Convert_PA_to_OD.s",396
2,2,"_EV_HBW_AP","_EV_HBW_AP","/d/GitHub/WF-TDM-Official-Releases/2_ModelScripts/5_AssignHwy/01_Convert_PA_to_OD.s",401
2,2,"_EV_HBSCH_SC","_EV_HBSch_Sc","/d/GitHub/WF-TDM-Official-Releases/2_ModelScripts/3_Distribute/1_Distribution.s",5079
2,2,"_EV_HBSCH_PR","_EV_HBSch_Pr","/d/GitHub/WF-TDM-Official-Releases/2_ModelScripts/3_Distribute/1_Distribution.s",5078
2,2,"_EV_HBSCH_PA","_EV_HBSch_PA","/d/GitHub/WF-TDM-Official-Releases/2_ModelScripts/5_AssignHwy/01_Convert_PA_to_OD.s",412
2,2,"_EV_HBSCH_AP","_EV_HBSch_AP","/d/GitHub/WF-TDM-Official-Releases/2_ModelScripts/5_AssignHwy/01_Convert_PA_to_OD.s",417
2,2,"_EV_HBO_PA","_EV_HBO_PA","/d/GitHub/WF-TDM-Official-Releases/2_ModelScripts/5_AssignHwy/01_Convert_PA_to_OD.s",397
2,2,"_EV_HBO_AP","_EV_HBO_AP","/d/GitHub/WF-TDM-Official-Releases/2_ModelScripts/5_AssignHwy/01_Convert_PA_to_OD.s",402
2,2,"_EV_HBC_PA","_EV_HBC_PA","/d/GitHub/WF-TDM-Official-Releases/2_ModelScripts/5_AssignHwy/01_Convert_PA_to_OD.s",399
2,2,"_EV_HBC_AP","_EV_HBC_AP","/d/GitHub/WF-TDM-Official-Releases/2_ModelScripts/5_AssignHwy/01_Convert_PA_to_OD.s",404
2,2,"_EV_2W_XX","_EV_2w_XX","/d/GitHub/WF-TDM-Official-Releases/2_ModelScripts/3_Distribute/1_Distribution.s",5167
2,2,"_EV_2W_XI","_EV_2w_XI","/d/GitHub/WF-TDM-Official-Releases/2_ModelScripts/3_Distribute/1_Distribution.s",5166
2,2,"_EV_2W_SMD","_EV_2w_SMD","/d/GitHub/WF-TDM-Official-Releases/2_ModelScripts/3_Distribute/1_Distribution.s",5169
2,2,"_EV_2W_SLT","_EV_2w_SLT","/d/GitHub/WF-TDM-Official-Releases/2_ModelScripts/3_Distribute/1_Distribution.s",5168
2,2,"_EV_2W_SHV","_EV_2w_SHV","/d/GitHub/WF-TDM-Official-Releases/2_ModelScripts/3_Distribute/1_Distribution.s",5170
2,2,"_EV_2W_LMD","_EV_2w_LMD","/d/GitHub/WF-TDM-Official-Releases/2_ModelScripts/3_Distribute/1_Distribution.s",5171
2,2,"_EV_2W_LHV","_EV_2w_LHV","/d/GitHub/WF-TDM-Official-Releases/2_ModelScripts/3_Distribute/1_Distribution.s",5172
2,2,"_EV_2W_IX","_EV_2w_IX","/d/GitHub/WF-TDM-Official-Releases/2_ModelScripts/3_Distribute/1_Distribution.s",5165
2,2,"_DY_TRK_MD","_DY_Trk_MD","/d/GitHub/WF-TDM-Official-Releases/2_ModelScripts/3_Distribute/1_Distribution.s",5189
2,2,"_DY_TRK_HV","_DY_Trk_HV","/d/GitHub/WF-TDM-Official-Releases/2_ModelScripts/3_Distribute/1_Distribution.s",5195
2,2,"_DY_SMD","_DY_SMD","/d/GitHub/WF-TDM-Official-Releases/2_ModelScripts/3_Distribute/1_Distribution.s",5180
2,2,"_DY_SLT","_DY_SLT","/d/GitHub/WF-TDM-Official-Releases/2_ModelScripts/3_Distribute/1_Distribution.s",5179
2,2,"_DY_SHV","_DY_SHV","/d/GitHub/WF-TDM-Official-Releases/2_ModelScripts/3_Distribute/1_Distribution.s",5181
2,2,"_DY_LMD","_DY_LMD","/d/GitHub/WF-TDM-Official-Releases/2_ModelScripts/3_Distribute/1_Distribution.s",5182
2,2,"_DY_LHV","_DY_LHV","/d/GitHub/WF-TDM-Official-Releases/2_ModelScripts/3_Distribute/1_Distribution.s",5183
2,2,"_D_TOLL","_D_Toll","/d/GitHub/WF-TDM-Official-Releases/2_ModelScripts/5_AssignHwy/block/4pd_mainbody_managedlanes.block",395
2,2,"_AM_XX","_AM_XX","/d/GitHub/WF-TDM-Official-Releases/2_ModelScripts/3_Distribute/1_Distribution.s",5025
2,2,"_AM_XI","_AM_XI","/d/GitHub/WF-TDM-Official-Releases/2_ModelScripts/3_Distribute/1_Distribution.s",5024
2,2,"_AM_TRK_MD","_AM_Trk_MD","/d/GitHub/WF-TDM-Official-Releases/2_ModelScripts/3_Distribute/1_Distribution.s",5185
2,2,"_AM_TRK_HV","_AM_Trk_HV","/d/GitHub/WF-TDM-Official-Releases/2_ModelScripts/3_Distribute/1_Distribution.s",5191
2,2,"_AM_SMD","_AM_SMD","/d/GitHub/WF-TDM-Official-Releases/2_ModelScripts/3_Distribute/1_Distribution.s",5027
2,2,"_AM_SLT","_AM_SLT","/d/GitHub/WF-TDM-Official-Releases/2_ModelScripts/3_Distribute/1_Distribution.s",5026
2,2,"_AM_SHV","_AM_SHV","/d/GitHub/WF-TDM-Official-Releases/2_ModelScripts/3_Distribute/1_Distribution.s",5028
2,2,"_AM_LMD","_AM_LMD","/d/GitHub/WF-TDM-Official-Releases/2_ModelScripts/3_Distribute/1_Distribution.s",5029
2,2,"_AM_LHV","_AM_LHV","/d/GitHub/WF-TDM-Official-Releases/2_ModelScripts/3_Distribute/1_Distribution.s",5030
2,2,"_AM_IX","_AM_IX","/d/GitHub/WF-TDM-Official-Releases/2_ModelScripts/3_Distribute/1_Distribution.s",5023
2,2,"_AM_HBW_PA","_AM_HBW_PA","/d/GitHub/WF-TDM-Official-Releases/2_ModelScripts/5_AssignHwy/01_Convert_PA_to_OD.s",365
2,2,"_AM_HBW_AP","_AM_HBW_AP","/d/GitHub/WF-TDM-Official-Releases/2_ModelScripts/5_AssignHwy/01_Convert_PA_to_OD.s",370
2,2,"_AM_HBSCH_SC","_AM_HBSch_Sc","/d/GitHub/WF-TDM-Official-Releases/2_ModelScripts/3_Distribute/1_Distribution.s",5019
2,2,"_AM_HBSCH_PR","_AM_HBSch_Pr","/d/GitHub/WF-TDM-Official-Releases/2_ModelScripts/3_Distribute/1_Distribution.s",5018
2,2,"_AM_HBSCH_PA","_AM_HBSch_PA","/d/GitHub/WF-TDM-Official-Releases/2_ModelScripts/5_AssignHwy/01_Convert_PA_to_OD.s",409
2,2,"_AM_HBSCH_AP","_AM_HBSch_AP","/d/GitHub/WF-TDM-Official-Releases/2_ModelScripts/5_AssignHwy/01_Convert_PA_to_OD.s",414
2,2,"_AM_HBO_PA","_AM_HBO_PA","/d/GitHub/WF-TDM-Official-Releases/2_ModelScripts/5_AssignHwy/01_Convert_PA_to_OD.s",366
2,2,"_AM_HBO_AP","_AM_HBO_AP","/d/GitHub/WF-TDM-Official-Releases/2_ModelScripts/5_AssignHwy/01_Convert_PA_to_OD.s",371
2,2,"_AM_HBC_PA","_AM_HBC_PA","/d/GitHub/WF-TDM-Official-Releases/2_ModelScripts/5_AssignHwy/01_Convert_PA_to_OD.s",368
2,2,"_AM_HBC_AP","_AM_HBC_AP","/d/GitHub/WF-TDM-Official-Releases/2_ModelScripts/5_AssignHwy/01_Convert_PA_to_OD.s",373
2,2,"_AM_2W_XX","_AM_2w_XX","/d/GitHub/WF-TDM-Official-Releases/2_ModelScripts/3_Distribute/1_Distribution.s",5107
2,2,"_AM_2W_XI","_AM_2w_XI","/d/GitHub/WF-TDM-Official-Releases/2_ModelScripts/3_Distribute/1_Distribution.s",5106
2,2,"_AM_2W_SMD","_AM_2w_SMD","/d/GitHub/WF-TDM-Official-Releases/2_ModelScripts/3_Distribute/1_Distribution.s",5109
2,2,"_AM_2W_SLT","_AM_2w_SLT","/d/GitHub/WF-TDM-Official-Releases/2_ModelScripts/3_Distribute/1_Distribution.s",5108
2,2,"_AM_2W_SHV","_AM_2w_SHV","/d/GitHub/WF-TDM-Official-Releases/2_ModelScripts/3_Distribute/1_Distribution.s",5110
2,2,"_AM_2W_LMD","_AM_2w_LMD","/d/GitHub/WF-TDM-Official-Releases/2_ModelScripts/3_Distribute/1_Distribution.s",5111
2,2,"_AM_2W_LHV","_AM_2w_LHV","/d/GitHub/WF-TDM-Official-Releases/2_ModelScripts/3_Distribute/1_Distribution.s",5112
2,2,"_AM_2W_IX","_AM_2w_IX","/d/GitHub/WF-TDM-Official-Releases/2_ModelScripts/3_Distribute/1_Distribution.s",5105
2,19,"SUM_EU","sum_EU","/d/GitHub/WF-TDM-Official-Releases/2_ModelScripts/4_ModeChoice/06_HBW_logsums.s",195
2,18,"MODELSTEP","ModelStep","/d/GitHub/WF-TDM-Official-Releases/Scenarios/_default/_HailMary.s",6
2,16,"RO.Y","RO.Y","/d/GitHub/WF-TDM-Official-Releases/2_ModelScripts/0_InputProcessing/b_SEProcessing/2_UrbanizationTermTime.s",538
2,16,"RO.X","RO.X","/d/GitHub/WF-TDM-Official-Releases/2_ModelScripts/0_InputProcessing/b_SEProcessing/2_UrbanizationTermTime.s",537
2,15,"REFTCLASS","reFTCLASS","/d/GitHub/WF-TDM-Official-Releases/2_ModelScripts/3_Distribute/5_SegmentSummary_Dist.s",1624
2,15,"ADDIDX","AddIdx","/d/GitHub/WF-TDM-Official-Releases/2_ModelScripts/3_Distribute/5_SegmentSummary_Dist.s",720
2,13,"RO.MODE","RO.MODE","/d/GitHub/WF-TDM-Official-Releases/2_ModelScripts/0_InputProcessing/c_NetworkProcessing/4_Create_walk_xfer_access_links.s",919
2,13,"REATYPENAME","reATYPENAME","/d/GitHub/WF-TDM-Official-Releases/2_ModelScripts/3_Distribute/5_SegmentSummary_Dist.s",1603
2,12,"COST_TOLL","Cost_Toll","/d/GitHub/WF-TDM-Official-Releases/2_ModelScripts/4_ModeChoice/block/HBW_HBO_calculate_utilities.block",564
2,12,"COST_HOT","Cost_HOT","/d/GitHub/WF-TDM-Official-Releases/2_ModelScripts/4_ModeChoice/block/HBW_HBO_calculate_utilities.block",563
2,12,"_HOTZONE_TOLL[_HOTZONEIDX]","_HOTZone_Toll[_HOTZoneIdx]","/d/GitHub/WF-TDM-Official-Releases/2_ModelScripts/5_AssignHwy/block/4pd_mainbody_managedlanes.block",327
2,11,"TAZ_NUM","TAZ_NUM","/d/GitHub/WF-TDM-Official-Releases/2_ModelScripts/0_InputProcessing/a_Setup/1_InputSetup.s",246
2,11,"REFUNCGROUP","reFuncGroup","/d/GitHub/WF-TDM-Official-Releases/2_ModelScripts/3_Distribute/5_SegmentSummary_Dist.s",1594
2,10,"FUNGRP_IDX","FunGrp_Idx","/d/GitHub/WF-TDM-Official-Releases/2_ModelScripts/3_Distribute/5_SegmentSummary_Dist.s",162
2,10,"DISUTILITY","disutility","/d/GitHub/WF-TDM-Official-Releases/2_ModelScripts/4_ModeChoice/block/HBW_HBO_calculate_utilities.block",536
